Actual Price,Predicted Price
947914,956221.7408088419
1045163,1072213.061058652
1651133,1681724.7257165285
880777,905555.6240034011
1610498,1596457.307607256
1191627,1201564.5570075049
1695818,1676548.5816138291
1250626,1243966.988796666
1146125,1169095.5295583117
1473860,1480937.9507796292
1690979,1681442.8196869907
2691887,2655636.2735756193
1787593,1755640.2267030685
1667929,1666650.6288967344
1619453,1632551.8667853663
1133073,1126367.1163973357
1326424,1292729.9921512313
2177537,2143864.68019531
1625445,1608473.7673073083
1456728,1462842.7793420933
1652925,1653306.5383537798
1789345,1770576.5769988662
1219526,1209959.3582534413
1177678,1203189.005048325
1268820,1254507.1040137287
1358289,1349046.1714077147
1117624,1141528.750345359
1625535,1610776.5464631838
1048758,1048854.0762676492
1390996,1394702.0937938716
1090312,1088895.6258308708
1197852,1214972.8802596168
1376548,1390011.1343849923
1834732,1834530.3824826775
1253581,1246219.3998573448
811714,791781.9573792086
1454536,1466997.0133740783
1725435,1725876.8189210386
832283,838168.3572723101
1329992,1395658.4260670047
1437027,1439153.267318346
1353745,1338006.7080563782
912233,940644.1586726051
1023691,1045046.2746076384
1765757,1766413.1714327142
1300215,1321336.070558267
1653541,1654105.078358649
941871,947365.3138937899
957674,935319.4687476284
1017101,1010888.6571819689
1243440,1262248.0596383854
1248059,1272274.7863240968
1417558,1426491.7525036223
1536652,1526990.4124848365
1885316,1886070.7437963535
1475365,1502499.7717290034
1755058,1751848.2347302367
853638,841494.509256661
1462325,1428313.1131021585
965103,972491.6436920816
884411,884855.1648051343
711846,703441.390509977
1341073,1354050.2197595758
1469762,1429783.3158859794
2150679,2138055.7720632777
1001419,1000129.7848218589
1512149,1478151.3821819911
1637540,1624585.3112193453
1391105,1399330.448149964
1622348,1638160.2229995588
1675611,1700207.5984865741
657202,688202.0559951747
1144403,1170168.5104787431
1766943,1791322.3861964694
1025797,1079830.0638005754
797716,788864.7416108713
1101914,1110717.769631591
1240380,1228636.4531302962
1256943,1250446.446501854
1023791,1025589.085630007
1576896,1557639.0886420833
1075831,1072604.7523913353
1985809,1945802.2681621294
1154474,1161531.041000391
1722589,1693875.8103089037
1785452,1755400.860129638
1175009,1174076.3149137713
1648702,1633697.5863644015
1737724,1734932.267944529
1126512,1129946.5332276123
1508323,1472000.635607753
1400751,1392150.7329680002
821647,842748.5573580799
933765,946980.8495751756
1690604,1684316.7692393768
1126424,1117446.4054359295
922899,915464.8758103591
1738001,1732471.0930595202
1264201,1293607.426913984
1144070,1119029.1063580927
1012054,1000913.8302091467
1282296,1292221.3006444874
1075732,1091439.9393943495
1632095,1612108.0647977965
1381939,1382506.2572861603
1005967,1039012.5998813725
1330581,1301810.5811898168
990969,994835.9241997228
2120702,2093042.4133866813
1717358,1684908.288180727
1390725,1409249.4920275186
1445814,1432322.779942223
1419111,1401248.4125956444
1110001,1107133.159677039
1370807,1368989.0623423697
2159394,2151107.265075605
1166515,1149760.1784861689
1734825,1731277.2610051837
1243590,1232908.0160420784
1485581,1480776.4454159327
1039011,1038878.3731787825
1411488,1409378.566154853
1534893,1531592.5303253497
1021635,998177.7766340316
1036945,1014136.3073511615
1303236,1293944.7194656392
1049536,1032611.0162246685
1130825,1121369.9049214453
1301840,1285678.2643218436
1933100,1925678.2359866474
1655639,1672621.2037692254
2044385,2028402.282222863
1844378,1839567.0844434262
1029853,1062295.0341893886
1474426,1481906.5970943975
782588,794126.1607151671
1413389,1409513.0616689164
1207885,1231686.15195156
1877999,1882152.9004811912
794890,789751.9633368687
1380743,1390553.9771304312
945726,946087.0205419452
1163362,1146217.2510178764
1122181,1111565.3747319684
1721074,1718275.4464889986
1135758,1116385.275710991
2265547,2286549.9734365502
1539097,1531310.127292071
959490,946457.8975964935
1053591,1075431.8103023814
1522861,1503152.258652536
1193076,1188118.3279005354
1308270,1312100.9528094647
1183474,1207836.3385648902
759781,755846.0118237432
943999,935908.1025065718
1519132,1525448.072879652
1698578,1708213.4007162545
1387331,1396728.451426065
1065163,1055933.7670846428
1110116,1134860.1051515918
1139692,1143325.9642109436
1065412,1084467.6801351954
1586253,1613327.5363012867
998917,1000775.0662943133
1277206,1278964.0234628066
1638633,1638069.281933021
1558129,1534406.363769309
802358,813424.7392969346
914418,928490.4181796567
1687429,1679579.791370471
1339705,1356492.2281689504
1385677,1389297.466903238
994204,1048346.6007522955
694066,738781.1567509421
1485514,1504153.6529966781
909727,910687.6869113547
1259474,1252272.7443875154
661228,699342.1491237788
1088550,1084540.2751342698
1647369,1645322.6652523687
1873661,1844924.7568663124
1924332,1885720.7395384512
1112700,1122763.0725342438
1610568,1606292.1111118484
1116175,1084243.9160078678
947876,959833.2265984211
1076392,1088689.7036835027
1678860,1698999.5446228965
1940683,1903291.83514207
1188167,1268177.8735869788
1135758,1109433.786650428
1397443,1374890.2109672225
1772352,1761667.4482319152
1287469,1302197.3108558576
1374817,1391323.8922043827
1072674,1066487.026591472
1835839,1827732.5272645003
1557046,1526959.708023977
1755217,1783526.0976267708
1398872,1397883.329390532
882516,880409.2025188529
875940,887913.9463239611
2002823,2025432.3465399924
1431070,1447595.5476220332
1014956,982355.8269320027
766569,786946.2614423224
1367415,1405041.4812471068
1236117,1244083.6386067185
1831219,1810746.6637100119
1320924,1322063.8616339506
1110062,1122253.6560291802
1470671,1457732.7247954588
1348724,1314099.7032958472
1608440,1580327.9637398466
1987733,1967801.9495079545
2050924,2001559.9364603562
1542983,1557699.512889655
2028121,2022228.031292732
1635164,1608142.9366373997
807875,841651.2167892462
1042596,1035881.6577104505
441299,454515.706316508
1515252,1537774.7736442469
1653397,1630718.695982786
946149,921141.1121015194
1571069,1583506.4772800088
1194229,1252799.7670882014
1419012,1426205.679612765
894796,901704.1683570747
1671516,1680111.735601622
897785,871744.3185621634
1048805,1065063.2481042666
1905834,1902804.785110188
907849,897064.9223411229
1632539,1611090.9533410848
1475954,1484422.6440144195
1361010,1363187.8308991573
1379680,1363885.9085752005
1533820,1522390.2049031113
1222470,1235286.3742899243
1051770,1036955.0474981812
1462704,1430322.196128155
1908372,1927914.4397783368
2080982,2108374.601176028
1077026,1065297.7470430338
1942056,1931256.26341056
1896415,1862032.4371118073
1256980,1242832.8241993126
1218968,1222438.154294611
1618865,1609087.8942094988
1494718,1514591.7073828664
477324,473497.5286714674
1844711,1838814.4914968396
1247216,1252641.719430302
1418159,1404919.1900657862
1096801,1076147.8381078418
1224926,1236830.7215404285
572606,609089.7730087964
527917,576409.2135969871
1863453,1879954.39566718
1241174,1233438.8440373703
1872423,1848622.4909770133
1452174,1490326.2151263694
1610391,1567889.381787856
1295197,1318750.3824010435
1489065,1498195.574356147
1812226,1786370.2985198342
1058109,1086965.8854474102
1163721,1185496.8285737494
916071,914686.754485471
878677,902799.9773962625
754221,739293.2334403024
1334577,1338660.7891116221
1488840,1514147.896348871
1281102,1294233.2253547544
1326263,1293485.5458268505
1111820,1102422.1777135243
1573583,1548635.9586648783
1526267,1515395.2353796693
1204244,1180809.208323587
1417974,1427630.379124039
966453,1022631.7130857784
1458260,1454344.197927386
1569834,1571459.3564074894
877745,845105.6867354889
1605201,1572976.4796600938
1271586,1262555.0390545018
1008975,993729.2531313912
995381,1006826.8406788446
939159,927586.8877402124
1549384,1553926.0643723272
1409467,1399199.6660650761
1359292,1339889.999914745
1554049,1547234.7840686326
2111439,2088055.5970175364
1249440,1237148.0415832158
1841252,1836843.3461203577
1651031,1649130.7519053097
1150063,1175572.2171084709
1446245,1450471.748262212
652144,665265.0549234743
1198633,1170951.596241037
1325339,1309098.37174522
1214246,1212534.440312503
1519809,1525393.1262868796
941020,944903.7190111463
1662382,1644104.2987097888
805142,790248.1841713954
1448577,1434237.5221455873
587776,575102.374209315
2017227,1996353.2275796556
1181245,1165636.7657779504
1785373,1741144.7305291323
1476846,1447715.4467105456
1323565,1356425.345010829
461696,473784.08304173173
1623910,1654274.3353418082
1837137,1819211.3974507274
1490047,1484504.219974166
1792999,1766435.2172789169
727492,721365.4802583548
1241895,1227536.2678397216
1701915,1697948.6560146776
1987666,1955433.9198096106
1493234,1486874.6306772102
951139,974157.9880009007
1050386,1031744.0516922179
830196,814225.9619298395
950029,958904.8140216682
1236013,1226303.56397011
972570,978889.8573137077
893483,898868.8378089401
1524199,1504569.818012806
1395745,1394459.6138925839
1220111,1213347.2072423338
1434389,1433545.5773332443
1487359,1488091.9075796895
1293405,1298482.6875380455
1253840,1246867.776907382
838959,821403.4355670452
1352645,1406965.6353266397
2364230,2326769.66628421
544965,583941.5539752952
1298290,1295817.004593092
1819941,1808392.2499775311
1731495,1760957.0865488634
1261040,1291663.493062868
1329083,1352155.612363737
1200289,1210834.9817319624
1235115,1267415.9055535137
1886269,1864360.989033472
1280668,1307795.5498705076
1761514,1729931.8250061066
1457858,1464099.4599767518
1301649,1287171.2670955013
1540799,1554374.728476803
699099,715691.1228715172
1803057,1793650.8036606144
1022769,1007621.1920527712
1618331,1638699.028081304
1697358,1696074.5317528502
1212836,1211270.3259358867
1174618,1185530.3309214194
821901,765389.8327524402
1131427,1123273.2712290077
1325743,1324581.996591653
1812977,1788320.8083346908
1033553,1005776.9724376285
1110881,1097048.593095316
887968,872186.3146494895
1186058,1178211.3677537946
989704,1003112.2320620265
1146280,1150175.1038304756
1524208,1530761.1260696445
2010056,1987405.6446523687
1192888,1233177.968654603
1723800,1728149.269706978
1854506,1853424.292831726
1612397,1612880.4425844483
1290269,1306200.1772049565
909443,912090.8444588176
1218681,1202045.2988657635
1772902,1764364.0889669803
744467,743052.9997604734
775474,766645.8419199169
1145209,1162709.139623228
1281768,1302030.0826065275
651782,657564.4759024596
1548283,1539880.3384014356
2072427,2071520.52673789
1144729,1129075.985636791
1685960,1720365.5778860862
1797421,1801953.408646688
783240,785215.1342974148
1443028,1421232.7859009546
1883052,1886122.0064425357
1385980,1417942.54092214
1913343,1887861.0407916456
1778441,1792066.176303844
565266,574499.8605518753
1298349,1300991.2481003925
960378,949708.7211992698
1562588,1587991.588807579
994574,996544.461200931
1374914,1405953.1606987896
1927037,1873288.2541115198
944010,924779.3733687282
1467324,1478978.2772423464
1225572,1247342.6277706344
2164547,2177015.8786355346
1505671,1520475.6834963462
1298530,1296787.1323172369
1987885,1984321.111532646
749863,775196.3637513291
713769,710309.5929700341
1592610,1608712.0364064616
1022751,1023808.0615089707
1505490,1491219.726034925
1521029,1523346.2491476021
947997,958591.7720983294
1293531,1308227.1740347855
757054,739719.227852696
2140561,2104643.677061208
763838,767418.9507601757
1362354,1343322.5991840053
1039211,1014152.4835289511
1691343,1695797.6978989823
1208631,1215409.33727417
1730518,1768799.2326368506
1458589,1484179.491212634
1921613,1928005.5321342358
1368522,1376249.9348812005
815818,837995.3130909032
1689452,1686551.2494632609
1287475,1286670.964556698
1100445,1113987.8995448758
1755216,1768217.756805027
1443454,1428736.944847043
1565907,1546214.201772551
1434530,1447721.034142194
1345445,1347338.6024327856
2056936,2022192.2658324824
656433,701703.0053530064
1213288,1182586.3581235958
938780,926729.5508205302
1706065,1716088.8693364908
1306504,1320597.0723236182
1362196,1346793.5414851534
1927417,1916823.2951735142
1015329,982516.4977184071
1195456,1203321.2415584319
1313557,1294997.3737956136
902523,886736.4728723671
1747593,1755340.246885938
1498945,1478377.3430451732
2007224,1974570.6628457394
865728,849179.7812397103
1811419,1817743.543134175
1325307,1369118.6399732616
1671411,1673486.4816396867
1408438,1406760.9891672966
1262819,1295004.610707677
1664210,1670860.175376657
1419787,1433915.7585830055
1788801,1797159.0060693107
907931,934361.8365658951
1100289,1080063.491812484
1017710,1013266.7557238454
1615743,1622882.2714703956
1139178,1126074.1734396357
1174636,1214449.7137309848
1456536,1474902.385211571
1718447,1703059.7243549372
1290629,1275594.4717120058
1782138,1808790.213818661
1551316,1542749.9205854668
1310157,1337292.7037946165
1276486,1235329.939408695
555779,578799.8421175218
2270995,2258728.3954243977
1226893,1236330.0625989337
1636670,1639137.1324677782
1475884,1501467.7939865063
1193736,1181717.5297857954
1326143,1303509.928068638
1155290,1194719.2749139918
1369836,1397834.3036035746
1785809,1752224.6851747676
1207703,1207532.3231576239
1122976,1111126.55666346
1140108,1131289.4543117841
1674657,1670195.4602116095
578533,594785.2201445834
1254744,1242800.8414232773
1844837,1821906.5076923473
1644828,1665621.2906535345
2396087,2346591.198119603
1435981,1427805.3612113006
875722,880618.0199770838
1432205,1466633.863222745
1069436,1048474.1554287962
1179943,1196924.293884957
1152227,1151134.2172230296
1311662,1296212.5254486047
1867126,1878961.5100536584
1187743,1187421.3985855347
1982674,1964343.8205317976
947817,948885.6025108297
824017,826465.1100245401
1682042,1697777.6587598156
1065524,1084089.420513965
969500,1007805.9909296373
871798,907541.5278289982
905915,911892.2315118365
862604,857838.4325103569
1753486,1745063.9459545752
1041011,1020829.892281393
760098,758066.3998074245
2068187,2060668.9477798836
1221495,1187444.1449156129
1719824,1721805.1496778368
889598,887568.0074873562
900371,911385.1251210191
2116083,2083949.3657166448
2183484,2117212.0067990795
1373306,1356524.1396877114
645525,634070.1667944903
1660859,1666516.119381006
1116742,1093371.4603983301
1330899,1325052.5598307918
1110833,1125835.3323780515
958471,962239.4944606274
1015455,976911.0136589238
1373177,1376668.2653317307
1125810,1149720.5464843141
807104,840045.4226763936
1330438,1323471.4672937733
1052432,1050524.5487198532
890534,892862.6969559647
1469610,1507522.5587639485
1324581,1312013.5618652727
1251193,1232977.6726195363
1475672,1478416.3355035037
1709327,1720729.976245248
842656,837502.9650399006
1188759,1205121.8968867816
1208804,1243242.926878726
958296,970356.3979994135
1208120,1233010.9208241364
1003916,974400.2718677887
1870966,1852809.8145048446
785004,818074.4760658859
964376,996031.2020995108
916694,891044.9451128939
1075647,1067015.355247807
1224630,1213414.7285168208
1438308,1462561.961023286
1885277,1827561.1310741238
1314069,1321970.549897826
1849246,1824960.2381284358
1281629,1250614.0412789655
1020925,1029554.729964827
1126904,1112106.874136609
1627802,1637086.7298435625
1729503,1710677.9876475523
1288826,1293864.3704344858
1128509,1124089.0897811444
2322096,2280603.8131777104
975591,977009.9302773675
1411620,1410728.593848356
1016644,1007708.4412328475
1486081,1466618.1248522077
843409,854065.5714888797
1306909,1263560.0470476917
1893923,1908588.141300999
1327073,1313732.5078311984
619714,635122.8742626644
1391527,1401506.725387426
1696961,1671291.279447811
1900262,1891220.288744745
1455812,1481252.9192171986
1300614,1279998.7075339986
1264658,1252624.104565501
1035291,1017611.9326543653
931333,956234.8678199141
811289,813177.1978869531
1284867,1279527.2357160146
1100619,1146468.2144440059
1937053,1946119.581736668
1725769,1702768.9560786302
1194832,1203822.7634357947
1102023,1130894.9050455543
1964111,1964436.7849128277
1594505,1558142.3098082216
1587189,1564796.234542152
1400429,1376885.2536408948
1077305,1072113.8194615762
1041465,1030550.9461647731
1278368,1301828.7215295057
1581695,1564222.1887859248
1824797,1814936.4565353303
1249481,1246483.9855403746
1591356,1558219.1958765115
1713473,1708183.8284522204
1001320,1007949.257592388
1191483,1199961.204103351
2412785,2390086.818060597
1098533,1111226.112239215
1286787,1280915.1987050206
1283553,1269014.570582238
1451817,1450780.6768951027
1357619,1381962.0486283505
1662432,1687868.3889736647
1824050,1843844.36267411
1812659,1814940.2059695318
1261587,1254572.0057878066
2004743,1981883.5725472157
1759982,1705512.774831135
1448603,1451841.9438563087
922477,957260.7213536858
1306214,1318884.1987279453
1427839,1439997.7871346169
1410255,1402359.8554851126
1159905,1144983.3045161322
889112,914599.190606511
1511517,1494074.1452186005
1887134,1925342.9279263634
1446541,1444266.0654920833
1100075,1090346.7805082123
1274398,1293196.831039904
1615141,1617401.2556967197
1276921,1283497.2028142777
1888658,1867980.1755375993
1933030,1901838.9845157287
1849342,1874488.108824594
1228371,1253094.3013073658
1498483,1505690.348960348
562127,578307.6167992173
1230425,1265003.6486712499
2040191,2014948.3984047323
1459526,1467347.5744889488
1441934,1420833.8360018495
1496016,1485327.2516709266
1633223,1608534.1075256206
1139632,1178578.0477226973
1996429,1985156.8482057746
1084520,1073947.8390718356
997447,997812.2821494483
1305794,1287323.4454227758
1945543,1941471.4906588213
1267622,1250199.5566081128
1340780,1345519.502403923
1254237,1235380.5639746527
1512221,1499928.5014333648
1202733,1200790.1958374577
1663059,1687832.316106561
1183058,1183064.26007789
1160711,1157232.5123277418
1351904,1371186.659131886
1661999,1630738.0347746473
1077390,1077639.8363843218
1016098,1002420.8729547163
1813351,1828454.9709962993
1254058,1238289.4844692722
1292735,1282454.4001590083
1628446,1641237.3262681463
946397,957078.4053597247
1552563,1573630.9083736737
1567362,1596941.507734146
1219450,1235557.935467469
1503481,1504347.7326665567
1702483,1708442.7527292713
1761513,1773263.456216435
1999619,1996314.242761083
1558502,1530780.2426230994
1257862,1253049.3296413228
1264713,1291728.1502292715
1385058,1368160.2221152966
1798196,1811271.0284070445
1131082,1124603.252300914
1412185,1418160.9556441114
985170,977528.9706181203
1674650,1668419.457674469
1069210,1044904.2389467123
1898596,1906599.3332928887
2199906,2167338.1336377636
1496837,1463869.9298250237
1402453,1405379.124987341
1709900,1705006.4913511
685264,678186.4964790305
1172418,1197548.10859163
709053,755023.9225304872
1247263,1248283.5892395845
1466235,1426043.2865001797
1568484,1558025.8666050977
1649146,1642136.0239859205
1584925,1583544.5425567094
1298960,1308653.2368526224
633070,637531.4749110906
1372347,1388003.4692469735
854736,900360.1199579807
948838,930730.6576460191
963601,971107.0285514158
1585684,1611559.4760350264
1157043,1204422.134005772
2435469,2427753.610003395
1596796,1574140.6992402377
1428456,1405029.526995014
739713,753247.1196680663
1687337,1687564.1050479545
1384933,1414524.0420792054
1776222,1784864.3085558056
2029563,2027878.9345049274
1558344,1575883.2742496398
806159,805208.1730602682
1518621,1524861.385868527
1163205,1175064.01428306
675843,675859.6607261987
1579796,1571744.6070016478
1650560,1672132.9299575172
1355063,1360062.2503804471
1361947,1364668.8974420873
1577097,1577603.2862246644
1714739,1723778.7809442163
1702811,1717544.6588329964
1494991,1525403.2936460031
1168723,1134209.8862471199
1601616,1636785.248246471
1101389,1099775.5252548647
1304372,1331339.5730078276
714752,717706.7636665332
1344448,1330133.7814499992
1195912,1198205.6177432516
757596,754801.3765684619
949265,972748.3826154596
1022712,1041341.938175631
1311245,1304885.390024814
1373942,1358886.811791334
1430045,1403572.0915282364
1522681,1541201.840842642
814176,809239.3363578238
1673704,1664827.3368145758
1015777,1041107.1366887196
747144,752889.668523787
1180431,1205621.8635901015
801074,799177.7449949782
1958574,1961511.6048909447
1346956,1314636.899794606
762172,761222.4912308648
1575357,1541181.488528097
1025410,1055001.9286072876
1145605,1129177.0675885174
1697717,1704853.315334064
1366683,1404016.6202231855
1509512,1498892.8138517393
1583453,1568168.8263891817
1292175,1293689.4942229765
1625122,1640696.7503057346
1986637,1995107.3842402804
941606,935257.5435202015
1945159,1957047.2784283597
1365695,1364712.618929477
1641607,1608473.3290917547
1036993,1014888.0544501834
805299,848115.4145294207
1924963,1921600.6236167806
1252979,1258345.7657457064
1739773,1759851.7766246474
886791,908053.7247853249
1080396,1072038.5589632522
1226520,1193991.6146930691
1626893,1620544.2731247144
1913233,1934942.0405253274
1777783,1774384.399322451
883203,889687.7817986625
1696464,1735398.2116879164
899636,900449.7190671789
919995,908994.918481105
1647512,1669426.5868985923
1529716,1530348.6575867902
1167619,1181053.8276978852
1007436,990220.3836940228
1646772,1658298.176585165
1427064,1406313.5886352162
1350869,1325617.318310376
2156759,2146900.5884254947
1483718,1485691.1464576155
1947525,1909858.7529234414
1956003,1956018.1772965016
1096738,1130461.5608156426
1454103,1451110.005071215
1986283,2000529.5405790703
1930583,1917671.9327873075
1948629,1936727.2527678432
1747245,1758107.3549360905
1115195,1148900.3673239173
1319896,1350018.2090732562
1193121,1187228.3859450247
1775915,1759637.0573575445
1252537,1284054.6364594207
756042,792284.0417512736
1841537,1812607.52599149
1652792,1640361.0019882624
2070234,2068506.9696040435
540122,550256.7328420753
1788308,1789135.309937243
1898603,1889359.1977570525
1103813,1116101.4751267289
1312914,1307356.6626525866
1411076,1432821.7463400955
1072861,1065231.2414237503
1431510,1432538.359460321
952171,970725.9567740121
1878086,1835925.545689546
2031106,2032473.3359426046
1349257,1347627.9460694122
1047685,1066064.4615460758
2272323,2312502.043661932
1102083,1110696.6044186484
1751732,1789550.3006962296
1005486,985601.0184851224
1767822,1798657.3773467897
938956,929394.0262613159
1624261,1618905.7820237007
2133737,2094897.7761539656
1496819,1484520.3261832367
1387741,1411917.0155037895
967720,938332.5668351728
1184044,1170144.6537702077
1013071,1044411.5319919103
1574157,1540053.0941535179
1132292,1111578.4812358862
1334678,1320923.0430205467
1408215,1397972.6876972592
2041388,2062998.289684299
1908720,1936942.9269495793
2027925,2046240.1816888817
2211497,2248228.903705981
1333879,1333024.1119149125
532783,534803.0813219922
880899,911485.5836177778
1768894,1765086.5564538217
1902561,1922559.9398427978
1276951,1283138.7156314666
1260925,1234433.9925483002
1827305,1810145.7564446987
1084897,1062804.478949151
2052036,2067225.744967378
1474577,1446919.542613357
1770564,1742676.8377245846
1001909,984255.8833872066
1483677,1483758.3097885202
1059596,1076988.3652110691
1533948,1512832.4602820734
927302,919791.6145417431
1250185,1251820.8020037126
1290918,1258281.6764420986
1379752,1403477.1338262314
1063101,1090766.3605596416
1659508,1684552.633246105
1063124,1059001.8855854361
1897204,1863608.774243699
1137186,1146864.0663916746
1749211,1735682.8788664385
1494806,1484772.613812292
1701738,1724173.1695597987
2289784,2247892.9614179386
1815102,1778244.715458787
1354530,1373182.8274798377
894480,888444.6908798133
886493,875538.6455089577
760678,766607.1140332714
1327139,1337423.4956908629
1642570,1606261.4134275268
1585166,1573514.170099706
1156406,1175949.104277846
1651126,1645772.300626579
1583317,1597936.9336400814
1407421,1429584.1173157461
1724642,1726456.2478644124
1726361,1733901.1053307266
1918162,1935300.0640668848
1307621,1293070.5594577002
917117,930252.793272293
976979,983286.0639873534
2042989,2029983.2896581655
1163660,1188783.224648048
1889693,1903930.9575108297
1460028,1464952.2357988895
1493864,1453222.058801147
1765699,1729278.9351931124
1100874,1101481.248424232
870612,865512.5308889626
1725132,1729535.1827719708
1720175,1707930.1497480872
789859,804913.1919402143
1835038,1802570.8699018545
813383,817635.9292817023
755943,779193.715391046
1498654,1515433.840135822
2434007,2411522.048885504
1551708,1541690.3912389837
1141038,1157476.0392862505
1765175,1773837.7072912983
2180151,2194844.520484405
1190844,1175096.4358211716
1864914,1860724.021698943
1847862,1841369.1316242672
1198084,1243203.931959223
816876,839816.7487699067
995500,1020095.869264567
1383644,1364910.2307448229
1533647,1531476.9610033783
1828496,1846936.617055339
1474255,1475756.1490291737
1434956,1428992.3679294116
1582795,1613211.982544741
1405622,1402645.6317200717
1332391,1305253.8539492763
1977664,1968751.2119236276
1603444,1599283.9384445993
1555080,1533976.013840004
553225,546278.7181192782
1168562,1171273.707620696
1384446,1364772.8447424374
1132817,1114179.530410881
716536,699588.2200909039
1658945,1658761.0492974229
1658092,1669490.8828702145
868920,882902.1117231952
970492,987914.095950563
1320010,1313505.9822100156
1044443,1038174.1001004158
1876791,1873621.449458249
744120,737516.4621877484
1417669,1416429.3218694793
1319570,1324187.0021596998
1076767,1096941.1862105234
1466729,1460929.991509647
1335595,1355168.4354072085
802068,812572.3530874924
1336871,1302846.739287828
878198,895619.5791409067
1153413,1152749.7556804314
1365718,1352281.6722469688
1745899,1758887.07369683
1477130,1455327.9865989492
1515368,1497532.198996061
626747,649455.8917350421
1375018,1397145.1206303488
991723,991433.8531197058
1560584,1566567.9304951075
1770534,1770529.5396686636
1774944,1764580.5212688183
1046498,1043258.2837750055
1449180,1444732.3827607878
1473567,1456164.507306688
2010098,2025345.4754893645
1193955,1181640.6863843629
1104006,1061502.4511131202
1513180,1507314.8371196247
1766992,1775935.0463130733
1836418,1822090.3994377144
1561766,1627403.8725919111
1308420,1309184.3389711785
1343026,1333005.6728819702
1827903,1825500.7215844141
1400838,1400202.5401767867
1690099,1687796.8076307613
1066473,1076018.4911518756
1142219,1118459.574818692
796670,808330.1203583195
1564479,1577292.3051007774
1624595,1612088.3916719258
1437449,1407280.96803257
1705967,1738516.9731356453
1466507,1506366.2791767637
1297184,1323704.1478843004
1456545,1472271.320271117
727893,740389.9403569007
1316823,1284607.8779657492
871582,862261.3737598929
1795809,1780407.8310240076
1037398,1043103.4873756891
1395564,1383761.218073157
1117120,1105940.288769632
1953749,1940819.8238828627
1219858,1228953.2348244416
1241180,1228072.4799723811
1370108,1341457.4878741733
2088224,2090727.392688539
2082904,2049774.765371345
869194,890389.554912022
1658647,1656987.677072639
1614190,1627220.43868311
1795123,1778884.545958837
1041992,1050508.4122017203
1320594,1351912.2751346747
791104,796184.4815755935
1170878,1164980.1241906388
1590673,1560047.5707994106
481741,492840.5566215066
848284,818835.5188392438
1606902,1600057.8912292554
1059320,1109918.4767512148
870113,895142.6769636819
1534397,1522159.3178772659
1335573,1329846.2647585238
1415021,1414896.8630601328
1330893,1333614.5142045475
1275777,1285170.510960259
1399900,1401019.2573862425
1511356,1512656.7914888125
1496508,1512299.0548944806
2149943,2159260.0068980404
828945,836373.9404811199
532415,545876.7973106803
1265721,1275688.1219113132
722433,706928.6342065345
1021199,1040885.8302011632
1508580,1547363.1138208916
1110621,1085956.0762524414
1005320,1003295.9985646897
1822325,1799556.2599552374
1233597,1216281.532194833
1099594,1086758.6803825228
1311308,1320813.718559393
1314443,1340922.3628759128
1420097,1417267.152774797
1790867,1770967.2815633428
721503,760391.059717593
1698777,1681617.6002768837
1326370,1345935.5098947554
1672271,1649097.973836064
1086395,1110521.5486953077
1858239,1872462.212415984
1150209,1178291.764912358
1264669,1255759.1319562825
650774,682802.6615773555
908053,916536.3161340402
1573728,1529813.2780126042
983669,986018.9272148882
1269693,1276620.1050201412
1488962,1496342.8753873622
1879441,1865185.6807247438
1594229,1604977.2553285349
985177,1003904.4863796623
1325641,1316690.8084375854
535255,548729.0475470134
1440918,1406656.807614128
1608191,1582662.9529527454
1445887,1398652.4368949374
1055980,1054342.3287375101
1583561,1557259.020091304
1893818,1895854.9198076886
858256,866122.6518141926
2060145,2081357.8482972218
1453268,1427977.7466148168
1686424,1715738.396067405
2229851,2206935.388171058
1792866,1778053.1728155736
915780,921107.0929453771
1097211,1136488.5355900123
1916983,1909698.818690491
1141749,1141438.707835502
1054872,1027728.7161916494
1529326,1536422.9258690586
1274528,1298176.3010207654
1238260,1262669.4409565476
1245097,1248630.2551075497
1516836,1514296.837412856
1548103,1587412.0293161543
1329643,1313360.736965757
1469754,1465630.1724559595
1643670,1602312.6950837353
1277651,1248949.4284798158
1260983,1291094.953727829
1208547,1202775.0156575874
539074,514145.3682404438
1601071,1598099.9618370396
1880059,1868889.8506538398
1349449,1348933.4585874083
1490532,1506231.0345762705
1045474,1051409.2399640523
1323119,1334677.3164264206
700852,693217.806661019
1669781,1663571.1011746223
1834548,1836239.113052761
1682214,1722787.762277356
1531489,1537334.4646609547
1086512,1117071.139967067
1268956,1252209.111662807
1166475,1154817.483220819
1690342,1679544.7214329874
1074854,1068546.4003354334
1410632,1436377.2750450792
1257321,1269550.1618572567
887998,918505.1877740147
1728566,1740414.188423264
1540085,1555331.0600464041
1143522,1143258.4266790159
1598718,1623879.6787342182
1358733,1365253.4059989369
1611585,1604419.6494789838
1652905,1647815.1525428898
1130672,1150259.5383395066
977514,983031.7940822083
979577,966768.5416913428
829701,821386.0028497826
1339884,1327064.6451647624
1381835,1369443.8321900452
1440822,1468943.8524508814
1613029,1622636.6932213316
1438389,1411290.1748791
855590,864748.5277758316
1977974,1935045.9473800657
644679,662009.2386332394
1377418,1356700.530082891
1580306,1579476.3659761024
1308949,1296970.9221080078
1920082,1909877.1935765585
1378786,1373665.5244169468
1854132,1813186.083350674
1659792,1652672.8234455816
1544808,1569221.4412886372
1513773,1503231.6136141184
1296157,1330673.2640921199
1947247,1950503.3828380168
928703,922943.0338886244
1122176,1088637.3687667851
1608310,1626042.6696554532
952398,977122.6412544961
890585,910235.8328411445
760552,796454.2655519906
1354645,1346758.4441252458
1238416,1248082.1248711976
1151430,1164138.7387286674
1242018,1242469.869897992
1435771,1431626.5060668301
1900758,1905602.7274762634
919155,923723.0280766918
1011479,1008819.594205763
664688,655974.7338796753
1132605,1174929.5563270852
1736439,1734333.726875671
1097858,1108687.068666105
1938159,1919308.9052899412
1356750,1372548.4259554301
1426269,1387437.1521767383
1049413,1061477.7614841717
1643370,1652503.074622743
1045773,985036.7788676665
1333655,1296676.90816561
871616,884471.5060069531
1633679,1646897.0689283847
1314390,1275789.2644170048
1792136,1790174.0475935745
1575389,1573721.9804541685
1563764,1556729.6573459615
1561110,1580139.3272451332
1217318,1237995.4815265646
901181,880009.8163265637
1057763,1049371.8261191084
1804523,1836879.2999978373
1188757,1188076.3278951377
1366348,1385665.0190514626
1391283,1408056.4991540774
1259374,1303725.8269310873
1769134,1775769.3067730549
2114806,2107585.262814137
1149589,1145214.1664810565
1684435,1672071.5294378616
1862888,1850997.2567736218
994723,1014905.2977550618
929339,910780.5546711816
1766114,1784715.7352028368
1146794,1139704.611230677
2089490,2089391.4309105407
1512081,1511460.170753005
983728,1005546.9082737325
1490180,1497572.5083057212
1510222,1478881.627959431
945440,943736.1019851752
1772752,1756593.5344633688
745723,719687.604258174
668553,663566.4351249703
1534169,1518467.9340517204
1448155,1468682.366461964
1346692,1349297.4275390476
833370,837300.1069111867
1725787,1716691.2332087248
1103461,1088792.4459703197
1634022,1640090.3524772567
1063197,1074892.246498621
1388453,1383697.1716369244
1976562,1981954.8406809233
1014959,1007689.1527251085
1833365,1796054.7043699587
1225545,1193404.527448201
990571,978364.8404974825
1627177,1621261.4031407493
1600965,1586400.6060593266
1753999,1771562.6609292955
1378492,1372451.5261535284
1501412,1503407.910027351
911679,917237.040433494
1258979,1272516.1219848935
877958,861206.5510882064
1733106,1747586.7609763457
2182485,2180706.7200350966
1647631,1626154.0107697472
792263,799009.6525849376
1543900,1586962.0769154674
1233914,1229433.5319411675
828214,796965.2839525584
1909549,1894706.344234439
699773,684509.0240793407
1811438,1787739.1307218147
1708487,1717355.6392824352
1262217,1292805.171960253
902681,896581.0352886351
2047747,2026342.1951304423
975151,938045.4635703904
1792754,1770199.860457831
1302231,1311524.048820466
1761097,1776137.0440636184
1449508,1453373.2442532708
1320243,1351413.5847486644
673998,666266.8320206254
1075077,1082488.0732394513
1492445,1524557.7749348488
661691,668355.8485252393
1287009,1298024.0334823406
1220768,1236106.436054898
933148,939754.6593682289
1370791,1347387.515073354
551596,581641.5094721057
1524652,1510300.2167485207
895249,920155.2826674695
2024352,2012302.845920639
1288434,1245392.9545424168
1501870,1522927.7815037337
532242,538502.3500581348
1559690,1597807.0291291114
1000118,991696.382502714
1190602,1178388.0671716188
1185441,1175509.894904819
1636018,1636821.4431525148
1308247,1279659.4439827322
1389386,1394798.7494368462
501542,525023.687747397
1435070,1421433.6223031566
1114712,1134796.10155278
1242950,1253895.919497946
1312134,1291787.268603807
1970559,1962131.8460984433
1170324,1145750.9619601946
1643018,1602185.0000830186
1020619,1003826.2535594259
1331455,1319592.3873021912
1192432,1214771.1303444041
1130183,1129047.8862484393
2017695,2016791.203974514
976403,975243.8898926929
1006544,1017101.3526777732
979188,973832.9289819633
1772606,1744114.0458685292
1698124,1681764.1539454816
1705878,1686745.4415675737
827546,836426.9951378023
1498425,1510916.3758632415
1915724,1934870.1776760563
962757,947773.6566353668
2157394,2094662.8326105212
907414,934172.0880667311
678904,663820.306787573
1610444,1611564.9880345152
1711417,1690177.7010334649
1103443,1118212.5131126505
1052883,1025968.616558988
1668274,1654001.287424944
1821459,1827802.676026114
937568,943194.1256591264
847249,852986.8776238828
1300050,1313898.0045485056
1071905,1070129.5662157312
1862262,1845014.3590840865
1782387,1806225.1050008591
1927431,1941220.7089482672
1582475,1576724.386213564
1382387,1385034.2919828533
1689518,1696741.720945167
1052591,1061132.1868807147
1217661,1256803.4318618772
1339068,1332456.8220005117
1873116,1852807.9195611496
1603363,1638479.1576804717
1130169,1142629.723105643
1309601,1312649.6503603312
1321298,1324782.8712842227
1374351,1369730.6672818225
1074361,1071853.1747619398
873531,873529.3960300684
1094415,1122310.6649824178
1485686,1518542.1285521793
1366030,1400644.6821880757
1410644,1424741.4063124112
1061820,1044434.9874090517
1304579,1295849.293266981
1542553,1555257.1988077646
1903806,1899244.1582506455
1784302,1798941.9299434205
652699,628665.1370617239
995696,982843.8648996602
1218055,1210139.3319264452
542494,565758.9461055467
1682305,1700927.9682046599
1330624,1318495.0448722362
1495452,1499524.2029092822
1408190,1424602.9593659288
805505,793009.1621316423
1416465,1436131.7824650428
925106,947139.7932860083
1692675,1708871.3384037944
1296736,1284235.5355736627
1087538,1119196.0745409222
1402338,1412286.7871119678
1212868,1223947.6417149606
1141165,1156473.5905795426
473262,479545.30266546237
1727210,1773930.9517502992
1383646,1392492.053776242
1638520,1623149.8253576034
892153,895646.2854871021
1241738,1236481.7654987397
1586153,1591067.3918200638
2368335,2359690.1676582284
1592776,1587310.885623319
1702180,1707682.1598600133
1077995,1090912.907677308
1258353,1298531.3084450113
2208027,2142897.2441354473
1588621,1600323.9278439926
843963,893738.1663410385
1151331,1159678.0497593454
1134597,1157963.1238076536
1603725,1566816.71517565
1219315,1216225.5455059232
1166730,1189959.1205125526
1504972,1525200.0838627852
1874809,1862140.2700195492
1013047,1019835.9312068255
1011880,1034956.3014302992
1648799,1643292.7510147619
1209408,1203934.677811398
2005055,2007223.2218835233
934946,960637.126898476
1981938,1950279.0740265937
1679315,1673437.952320732
1228225,1240916.7407765356
1284188,1287973.4579325712
1111938,1124377.2602065136
1372389,1364152.5745649452
1494201,1514309.440521367
1383657,1381098.003585928
1092097,1099870.3050591801
1352612,1378016.8730718251
1176265,1210764.202795954
1200377,1238016.316141093
1277744,1268627.0751675118
1501939,1484788.716128768
1668992,1648956.3091558695
1248718,1254974.8253067837
1667571,1681758.0200592463
1315954,1287568.4467060617
1865646,1876255.654925298
1401403,1418768.67124937
677115,711150.6113097285
587025,610180.4414367147
1906802,1923471.7474836984
1107659,1113149.3259042588
832374,837160.1253430671
1370351,1353806.9829732536
1750268,1764622.191995925
2079112,2081910.9754281098
1667058,1659168.7531737757
601224,594185.7817993009
803788,776225.0115887739
616516,633978.8295886872
1141114,1153372.6368269888
1235980,1233830.075651705
1039098,1037849.6861726968
1115411,1126078.1931203464
1565777,1553261.7730969926
794276,815426.4440803127
849535,852579.9064735447
1397602,1394162.7665247761
368403,396162.9486410313
2174636,2147863.215887319
1387773,1419021.0228207023
835512,857156.3114918825
2131914,2100957.8096816735
1444439,1424358.2685531375
1245517,1261931.1636822156
874972,898180.9792661648
1259063,1238889.9174658572
1468039,1470573.917882301
1329702,1306917.1095556773
1485889,1523315.0144796725
1546588,1524303.1944699949
1076369,1092639.4524393266
1835552,1859328.0022862472
1104424,1107727.3194947639
1349315,1332921.3650493294
1829652,1839536.7236558474
1247989,1254578.8485920937
758231,739660.0350208958
1283500,1309212.8317180092
482347,499776.0808577666
1448507,1428378.4582375681
773416,796296.4057273155
1429587,1454388.8203787156
1281031,1267753.7027509105
1324568,1344978.827967838
955879,946820.9573791584
1957033,1992166.215518868
1652054,1657345.467372089
2001133,1971159.9692936582
864056,886209.1665115749
1484688,1501112.268145651
976873,993068.71250975
1260895,1238429.6678778657
2315570,2292776.3183381627
1238198,1198081.2834140016
1726704,1727362.0117242278
1038817,1042420.9337782519
1488331,1504263.453847097
698744,709122.6493137324
978690,967002.0883322199
1576054,1574804.6137012073
1806597,1791989.6088235155
1142324,1114251.9756918238
433192,455684.2730932525
1536983,1531780.1367618132
1933926,1949026.803407366
1287420,1309227.4615954696
1438639,1424128.848592451
913122,934551.4642858736
802655,800556.6693708084
1365360,1375323.8068233344
1165806,1183708.3609282041
1420194,1433734.3757196357
1612754,1618166.1857639465
1644232,1662802.9182130494
1479247,1481157.2543484613
1219097,1238397.7440731009
1650009,1661929.539252716
1197927,1199338.3151787315
1491263,1487776.656164793
907023,891059.3695511196
1397585,1406900.4246379226
1368295,1377846.9655070344
426370,449219.44485218084
1030305,1024862.7627697936
1422120,1433372.562145837
1494854,1506710.339875199
1205209,1175890.983516418
965991,969420.0677524722
2074448,2057129.414777761
2215106,2170009.3683725116
1365338,1366954.1741119674
1556948,1575579.4635669307
1183052,1188046.2445274426
1370063,1385184.3354186115
1032524,1068901.7937970855
1126957,1151382.7831082114
1424420,1448599.0807376632
2101270,2077271.2821318929
745069,795253.8556919515
1402413,1397693.0602739868
1543534,1531631.511693042
1566153,1538771.8342779442
1458960,1471021.1872766423
982214,980828.5743323698
1538382,1545965.9741352731
1024103,1014961.3955221104
1147104,1126222.683174941
1580178,1575469.0181819294
2091499,2060359.0873475787
1725803,1757090.7107300411
1820925,1797800.999634448
880838,865809.930174989
1334413,1331310.5204343898
518311,527327.8341037397
1494941,1473433.7480605475
1455847,1426936.618669273
1329188,1314143.214007206
1641820,1639306.1309529236
1482933,1492284.8955195213
1166999,1175805.2938167686
1203894,1209124.2961497337
1882256,1878628.75912468
1241689,1241519.4095778672
1016277,1036386.4723239036
1159290,1132769.1257344813
930265,973794.5988122988
1190610,1171131.073879511
1395009,1394648.4194093605
2278005,2218526.7942364328
1881436,1880507.6375860942
1515202,1515810.7512653128
1608559,1595861.6292765057
1537602,1513031.4687847751
1270254,1276833.2169202948
1389020,1371609.0353346362
955660,981642.6414810173
1576491,1581667.3235844066
694515,677850.9095558885
969917,954302.4854670332
1311058,1314671.2507037376
1514048,1510258.5657246313
1407452,1433306.3023544864
1670007,1668868.8182863793
725012,742368.948615097
1162375,1234101.703520186
1386307,1402485.0710697488
1413462,1420588.9829450333
781398,811089.7265944591
1669063,1660723.9912278224
1324666,1310416.6103373757
979561,1001081.4607848094
1567581,1560771.8305353913
2052510,2036772.9515833163
1410392,1427335.9152336745
1935674,1929839.9914176583
1846554,1821322.9244042619
1784124,1767287.7200513466
1809127,1802175.501315664
1587254,1570357.5948832075
1708976,1708685.3589784317
1245682,1246064.671633637
1264025,1289665.1490152865
1021461,1023913.9601171388
884035,868457.827232087
1496609,1468191.3934671995
1880124,1904922.6656711302
1063702,1063861.925574913
1684334,1689570.050608386
1218719,1219217.6994017814
1347925,1335974.3426934471
1489397,1469235.1243212316
1156267,1168636.4430588805
1809600,1830487.3360637624
1924892,1896093.1789676484
900238,874226.8528746853
800436,806401.110021868
1778528,1786841.6898059472
1077848,1062156.7627489048
853761,867553.4123869438
1130731,1121327.0982220846
1430932,1428168.2468390227
1006127,1023989.9650191951
1432891,1400671.6650047647
1103517,1101297.1379041874
911216,913457.111479402
1751720,1781678.468825662
1076595,1095676.9630201135
1154176,1215591.3412179237
1365807,1361899.239300711
953512,963357.280124236
866003,862520.0571947095
1513347,1496502.0737974374
2241527,2230102.595157844
1740516,1753392.2710436047
1801037,1829507.2611065719
992967,984924.1268482754
1347722,1329958.4075687253
785015,795867.6372473887
982733,973610.103758656
906654,887990.7668059116
1355761,1347761.4359715956
1307730,1276796.4895785758
1363639,1379486.9674909858
1460862,1438444.7861615585
1152437,1146006.4823838575
1455425,1457171.0675744107
921840,932549.1904158198
1465240,1483633.3269066394
857050,859161.8880435925
1791406,1781149.4014203718
1310773,1300383.7456711298
1720237,1701551.2899081851
1451769,1434280.413452949
1155641,1121748.1318430519
1590682,1555825.831540064
1604471,1627062.4985085847
1827771,1797226.2699682019
1342731,1333306.7974370338
1437792,1475701.7818249862
590774,600776.5178803443
1879046,1856594.2147146692
1493505,1458534.7386576105
1955314,1963006.2321722477
628678,639914.3693577695
1400438,1383820.2636212457
1201383,1203627.0034661444
1602956,1617301.317403628
822170,818537.9859874044
1258699,1256023.9662575456
1262092,1313073.8674588567
825008,842088.6449316671
1312056,1333474.9239204798
1549871,1552701.0443352652
1234465,1227684.198659618
1680871,1657748.8445967291
1345486,1363417.219928957
1553917,1540319.9607276525
1096589,1118935.7089331937
1382938,1383128.8337615116
1152079,1190858.4396791863
922462,911849.0319424822
1087691,1066155.0603082578
1284652,1258933.4460448646
1422954,1393392.1305739707
1368883,1350111.3060541723
1517662,1497183.9977850416
1004797,989378.3472327822
1133828,1135558.034217186
1662390,1676883.133324373
1017667,1028622.7903659584
1454332,1461789.6060451886
854594,857607.2381970505
1676811,1663105.4991617694
1688438,1715315.6202710404
1808622,1807345.2412066585
1648584,1647078.8137092222
1149200,1136726.6771662869
1153796,1183162.854226351
776636,753207.6694395893
1076480,1085727.9663525855
586508,552358.7507912156
1458397,1445611.0383124473
1401528,1382360.9694556505
1106573,1075524.967315623
1452382,1465481.6932548909
352753,380171.8431090434
1806444,1801853.570067315
1064663,1027037.4761249116
938003,952178.0198187927
1529918,1532435.4655848935
1708518,1717367.6013975586
781716,773721.1403356479
1791295,1758060.5307078753
831884,847700.6768527569
1690687,1664873.822390798
643572,668995.136225284
862671,890850.4412611275
1254327,1275051.9283512395
1486971,1484280.1892958365
1002519,995312.90031049
1701308,1678826.743471709
1736507,1718723.923872569
1358680,1354417.6504798215
1550143,1548261.129179243
1817406,1817131.6663024656
1197902,1173918.0494885999
1664502,1660373.9135813126
1867690,1802373.2215766932
817153,794871.1968567834
1111708,1123089.7116763075
1217811,1217998.4835469136
1446479,1440537.601849308
2060959,2078018.9552540286
694243,701299.298397798
1268537,1284703.919952216
1267295,1291959.8663454214
2009532,1981916.4097569187
1572903,1585447.706222128
1324791,1349783.2872711606
1322183,1341215.0973075116
804776,861231.8600591562
1597366,1595772.3461444997
1716501,1724517.3315295118
1558903,1553851.542787819
1493481,1529404.3448269968
1120428,1135433.2149143282
1336994,1356900.7713370759
1436349,1419724.4237970607
1556157,1535803.7951005425
939558,924097.7433162007
926581,911026.2498982343
1457002,1450515.8555204505
1709237,1661662.2951779468
1334180,1318948.0396024361
2044610,2024295.0150046316
1496552,1508063.4543947051
1402577,1414078.9352127798
947820,962144.6984287592
1332804,1345740.5378189366
1971389,1957628.9091960997
1344982,1360919.4039565036
1286697,1312050.835022912
1041922,1025243.6282536329
1331300,1366340.166757175
1005271,1026125.0672508959
2079701,2067119.2993238594
1427406,1416110.9532349296
1145462,1116165.8812204292
1801015,1773090.4579143117
1916832,1939797.8370589581
816250,806392.2992890497
1809851,1838940.190872039
1346857,1393447.5653307147
1156259,1165239.155253225
1014460,1007380.4079273588
1120792,1057166.507573122
1418375,1370180.30410146
1081547,1073205.5096739898
913314,948298.1843798462
1619251,1658818.6095691398
1547513,1554634.8151452497
1011717,995914.0650305476
1684330,1660364.6709282005
1329392,1364738.62896549
944594,955246.8542368286
2111410,2120271.8616330507
1217890,1228254.3642323469
1380538,1374914.4650868094
1272141,1288302.6913338862
1199470,1168691.288074086
1491596,1457777.30285595
903522,908291.5584945133
971698,983948.3796760507
871267,850599.3533031809
781446,768157.0758499049
1095798,1102625.9630385742
841201,831659.4690881912
1139839,1122308.571248796
1309651,1293921.5323570136
1680892,1677715.848917358
1647594,1605593.8879843345
1103623,1107095.3999987405
997593,1027098.0314349469
1044773,1053101.2045484125
1464431,1452437.5487765607
1495828,1508491.5372051897
1076479,1071736.2565932495
1426426,1435592.3807119085
1344880,1373570.5178853215
1149034,1141736.3578725168
1625379,1647065.2901363675
1960654,1933239.4018440207
1339483,1356298.3362961393
1036060,1032653.9207217004
819639,836126.8667823948
1281612,1288417.5673841774
1502334,1498481.3414553558
1274666,1280806.4135340357
1144115,1117605.3802890824
1546078,1547374.5095850688
1218272,1226338.2706453213
1048661,1070911.3135160648
1661395,1652413.1671676713
1997116,1963172.9412459466
1238486,1266304.438275415
1098315,1064497.7083934608
1628451,1640234.4975213706
1390857,1404748.72229635
1225983,1212882.3846765803
1823493,1827037.2948515452
1359652,1393161.411475375
1463305,1459000.4008731307
1282708,1275121.0110779633
1886356,1858864.4031056624
2041821,2060716.0547283504
1232456,1223587.8719803882
1766744,1764313.5650207272
1421777,1385291.8670875567
811776,806056.091491217
1022873,1005416.2133314905
584396,573653.7861544512
1413183,1380896.2480353452
1260628,1283930.310191997
2115665,2096797.6463150047
1735548,1729088.3709709446
1762962,1777973.1871963206
906283,924463.9735125077
1368638,1366834.0953055117
1565710,1562734.5433796511
1060656,1102004.016103489
1240204,1244667.6718628465
1408524,1440005.8258552193
921510,930516.4359683124
1539935,1548834.1102475747
1635008,1634274.0323602047
1354070,1389020.0000990552
1365605,1374382.1762639612
1349859,1359995.9978936403
2296671,2281017.9347602916
1092998,1089997.1743980963
1170949,1176913.060171694
1720815,1726371.51550482
1200246,1211797.7438919554
1018512,1036451.2033548465
801281,833914.9143972812
1575398,1584024.7136350297
1129767,1145589.8398586486
1365023,1371780.337295217
2046670,2030430.00337384
1618232,1652078.7375233115
827592,840201.2541580475
1413971,1378168.0831566057
828621,842165.0014669586
1295561,1274542.3002043185
1179830,1183346.0749919782
1250608,1244876.8200645908
1872009,1846945.3163382458
707094,704908.524958803
1085146,1081409.035381844
912169,920117.2876792295
1089783,1082649.493669626
855064,848252.0316654796
1630866,1645895.621101321
1529218,1518451.7240913182
1829012,1826750.411169097
1509173,1489036.7958777812
1966172,1971237.3233315558
1428572,1412299.1507738396
1507522,1508071.4516994355
953733,964877.5654097932
1422679,1453779.815917637
1387563,1395632.8753756443
1406671,1391289.70216495
1185740,1201121.8837371534
918089,924981.8786505037
1298473,1309075.89305716
1359470,1334832.417739982
1018951,1004699.9375780943
1244872,1278577.039255045
1845881,1851511.961803214
1033748,1042666.2304303683
1546336,1579673.665492602
1708578,1698763.11421814
1487538,1501448.9131138707
1204739,1207626.1306400076
924452,950532.3541532155
1774711,1776330.2811497392
1427907,1498462.2964700807
1555167,1554068.8551410215
1406511,1424470.4300613406
1075979,1075045.2124874182
2192189,2154724.8653873093
1840665,1867907.912635893
1112504,1163919.4031859257
1521359,1534482.5323604804
1433696,1441286.0800552815
1411954,1423806.4300340307
1473519,1457642.2817772087
1695905,1686337.33592262
1673912,1689199.5147073097
1117652,1126834.1825144629
1809317,1769776.9583832189
1315747,1308586.3928805375
904424,896633.2288104566
1623136,1631321.189520914
1526529,1542540.1482161253
1187391,1179678.7505893938
1060508,1039801.4843565788
1316832,1332645.1585155057
1277620,1286992.7569405858
974033,964954.4844254149
830412,851987.9577559037
847713,872522.1180791724
1569319,1584121.403474464
1501317,1486978.9756417053
980972,995654.6527574626
944716,950446.8013625197
1638704,1642786.4772598746
1280709,1261932.8409897878
795683,801713.8680467845
1894439,1887522.286655689
916633,892433.2006316247
956210,946240.4280417315
936918,921171.396065864
823832,813983.3087099007
1663159,1659213.7811198584
1706759,1711831.160055529
555917,573444.290029341
1540633,1538016.7007306023
1745478,1764872.9917602683
1110330,1102196.3895071398
943667,925370.2638907753
677425,685485.9402013347
1066364,1073066.4611857266
1440849,1418085.4232007489
1905507,1898800.1958844322
1011663,1023582.3597600635
1722412,1696835.3083720563
1322447,1318115.5077595362
1166397,1124997.5558290666
1442258,1426785.189908661
855575,879297.9458335855
1551015,1548167.5698869515
1409122,1444780.939152727
925736,915736.0714398419
1635438,1630101.0403215783
1954577,1962266.5228937156
1028542,1015728.4165417958
1749759,1713425.8033599798
1459257,1458616.8349846741
1259291,1275279.7447894479
1472180,1494487.1044883374
697312,705683.5655703883
1751503,1751198.8631183885
1147136,1139002.8457685683
1547905,1533092.735966781
986426,997318.3391158656
1796888,1791449.592553737
1734111,1722293.177193694
1132891,1142584.928183564
1666976,1670563.3829477879
1305246,1293423.8973755457
1625708,1612416.7003491644
942371,963011.1247608699
492800,479347.41721810156
752691,750005.8634885557
1331674,1305844.1744341156
1280609,1294823.7209475692
1193176,1215194.389981801
1149230,1186418.9679833108
847242,840046.6275207823
823528,833607.0394091249
1755794,1728481.439769577
980361,989640.4738658931
946505,959418.905583196
1010270,1000327.6132669752
796591,785544.9451982101
1159445,1167217.639659978
1610117,1621763.2045786923
1143827,1114181.090435909
1321471,1281762.8504176931
975808,956855.4092482099
1310607,1312470.9103319806
1482430,1487820.223288814
1164059,1186496.4892945464
1611525,1615470.1334338952
1114253,1109572.7957213114
1615911,1607351.101515389
1591251,1548760.2233557387
1736091,1711184.7259263399
955239,958519.4858635167
1640566,1635590.0337720686
1766395,1755180.3890501892
1320393,1308583.635235955
1555647,1550239.067393617
1814860,1809682.4125152456
1731423,1706623.4292393187
1186492,1214982.729450842
990878,996366.0237999894
1707174,1678529.750113945
1083706,1102583.3261569864
1596960,1582751.1758106616
1688145,1731573.4260589166
972557,1006811.3287691259
521687,523500.2293876237
816687,838790.9730330986
1315542,1316074.5005178868
732458,727163.7866356611
1504060,1505602.2117068563
460142,484735.45176537597
1677478,1657711.418502706
1537073,1516967.6122325778
1997887,2023451.395267968
1765748,1756320.0225701395
1178624,1174122.033352698
1254196,1260810.6999055592
754324,733777.7463507471
1687351,1657666.0417498846
1503551,1545447.4947416952
985275,979927.0269954852
1461017,1477181.6509040792
1403545,1421915.7987245983
780423,779692.5683407176
1116959,1187645.414517324
948589,951401.0944318712
1809097,1792978.280643719
1130291,1108294.6572760069
1958263,1940913.4770289736
1352972,1333004.4498902455
1351569,1331769.4404734343
1050230,1058251.4514349392
662178,623467.1317887425
1654423,1648141.8042726526
1854662,1868848.4977662985
1082573,1063053.182142438
1315600,1302648.2001986562
1149603,1140718.9529519794
1478135,1476711.5583298523
1242956,1213354.0002708288
1411207,1430822.6912718168
1702780,1715796.7150911563
1762928,1764001.156392489
1735064,1739376.2387835856
1387415,1411484.9833129672
555625,551292.2768870557
963192,957204.4267314943
787127,826469.7764025528
1616529,1589753.6183372806
1157151,1165834.6737812392
1411625,1434851.007218175
1106904,1157786.5673709651
1746023,1712262.5955827937
1271780,1266121.810249933
997580,1025530.8318763055
1504903,1521427.3782996754
1644804,1674309.4255245666
1660821,1711863.3690090028
1308364,1316288.679139624
1534815,1557007.1859602088
1801252,1840470.2183488181
802830,791444.1457303192
2444828,2435995.4285599818
881729,860574.9026024068
1987429,1988449.848850307
628561,620450.5590240386
781924,795794.9235777492
1404212,1402449.9782227061
1261564,1297233.0609280078
1312219,1327066.9400349874
1210651,1191450.0207449906
967209,974538.6535460561
2138625,2123424.138044359
1621285,1620685.6816882659
1060297,1081725.7379571358
1462026,1492426.5227978313
1827955,1821150.8884973682
1011102,1023382.9035475488
1666510,1646306.9042561615
1332727,1290501.9470750394
1749991,1760833.6883344841
1368476,1395030.8433274692
1391997,1364155.9049115963
1897624,1927675.9154495574
1349414,1331575.002165737
1024994,1025354.2033829445
2181590,2140405.2824509516
1248344,1266193.4133465006
982098,978146.9588770887
2157631,2117889.198522273
1432491,1410042.8950473214
1263007,1245421.3153420778
1315711,1328429.6155793788
1066264,1081123.8745683825
1614801,1616639.0288091796
1306508,1310480.3269126315
1430801,1476667.0238254177
1800279,1806233.7385727155
1275971,1301396.6073351086
1633187,1633749.935400156
1243241,1268192.0057618548
1536208,1521337.7766809084
1516909,1533029.2706324281
1509435,1499536.3647886813
1052146,1070888.0168539702
1053870,1038448.7918121614
1529246,1503544.7813573752
1481582,1485410.8692469792
1281142,1285434.5341920895
754694,767009.0427936859
1441434,1451452.487867762
882874,887647.5566704101
1793522,1804819.6129373459
1404584,1383670.7375401377
1182761,1171767.645096605
1498950,1524167.9188784356
1546894,1560793.3452874608
846356,859178.1918595849
1382619,1412514.6356787514
2307665,2279772.708248226
1606380,1628444.3502274412
1221500,1202434.373235583
1185624,1176024.753139787
1012144,984787.9647385001
1559290,1561037.9631850072
546386,556140.8751363829
1291743,1263496.8790895976
919114,906087.2369989146
1956256,1920818.6938377146
1696148,1689739.845910265
1103442,1133468.80017681
2125966,2105307.010546669
861615,858672.13209725
620432,623177.9625062274
1186037,1185911.4605285032
1539658,1515939.2829014948
1656348,1661402.1422301624
1152914,1130888.032732355
995657,983993.9407837249
1268089,1261454.3901349006
1529093,1526516.7485456923
1180862,1176013.7727640406
2199227,2165963.1712245215
1808338,1836735.6372228803
1704158,1695812.7560687945
1326371,1324940.5568255975
1618347,1625052.8121772413
1109084,1131291.1609086632
1149340,1162273.3666907188
1589642,1587431.3229936587
762044,770452.9251344305
641206,638427.473111902
412065,421459.3460462122
1237261,1236465.1087351155
2143551,2110157.2819920145
2059906,2074761.075967049
1530935,1515373.2614867236
1708210,1707902.4035152448
1266089,1266648.2528330907
1345340,1345384.4539866613
1314792,1300958.0555775708
1767026,1771348.9232876217
862140,865983.8384930175
888282,909912.7424410547
877013,874051.5200941755
1099467,1067683.4369253549
1082067,1045711.7778183689
1631630,1620202.023708986
1952674,1935561.8946265122
1811201,1812183.1826746862
1768429,1783187.366301783
981422,980856.0905702934
944546,981035.1001057468
1510825,1495486.0942394391
1291476,1296380.8185053046
2004269,1992490.1461172018
970156,963054.2045752052
1656196,1646177.6903326106
970618,982690.9140651701
1047556,1048842.1376473436
1134847,1127176.3254657574
1562862,1558452.2770814514
1578270,1573877.4017201837
1922944,1947236.2575043533
944533,968300.527784478
1460094,1429601.0156246698
734375,724338.5868276388
1325992,1327568.1848878234
1281601,1280093.1870344107
1108253,1075634.162321142
1234776,1252970.6636863933
1077350,1066667.300008186
2078448,2066121.7300289767
1243239,1223087.1728569544
1605715,1627751.5774844412
1371551,1363545.6503209937
1664181,1653146.1917265973
1331798,1326338.6835812412
1648304,1636746.7424698032
1482070,1491405.3823436485
802469,811418.8678702401
1743197,1724648.1917956627
1789082,1794794.9648796755
1079173,1108429.5636823648
1688236,1718242.179296815
1000226,1025321.7569282675
1965878,1945616.3033733896
996081,992444.354990721
1038011,1060047.7807488623
1242363,1242181.6107710847
365733,367334.2482175465
1287744,1275544.7285050938
1694854,1711959.5892571697
1857659,1853655.9562011817
1337646,1339909.3902500072
1009196,990095.04766683
928426,952509.3430886297
1574026,1597321.288864757
2131090,2101827.6317776763
1509301,1507190.9588491176
1075463,1093110.5648627053
1558432,1562298.5312262618
1250452,1253637.801254058
1301980,1301960.5135086575
1471317,1441064.6252778356
1414293,1420529.666926395
1508398,1518311.2311066804
1038846,1030727.1100389503
1110948,1138623.7522621807
990783,1004202.1393619193
1262130,1215325.9472617202
1007993,996213.3754596224
1399549,1369942.9589435519
510795,526352.852972306
1723371,1752438.805646097
798661,791259.7586388922
915157,928906.740343225
1237471,1232298.675862474
623196,638593.3722874268
1184412,1185066.1741664559
1581958,1583356.1548910716
1352218,1397770.4766890917
1755568,1763687.7501427003
1379823,1384893.2321695723
1331185,1330615.7118418994
558769,572486.7041103783
1081619,1056908.3152354239
1549956,1546676.783933197
1262097,1252006.5523300278
1222135,1247283.7934541549
1331363,1342539.0078177722
1924931,1941004.7715805587
1372718,1357773.1856848043
1172201,1170598.6386878882
796616,797600.1969834373
972890,984448.5287919801
1482034,1471948.5825027644
1755153,1769026.9275543997
1418209,1414948.978285755
1198548,1226744.3782777847
1135597,1147470.0906005849
1297439,1329556.7305510344
1605093,1609732.5136111565
1749174,1726884.3596399701
1537839,1523778.26972799
968725,976797.1732706464
1935041,1967349.9757965847
828564,821206.659288523
1580487,1585289.955454318
1469194,1470520.9118959997
810491,814638.4377937027
1197754,1247508.1739354534
872054,874373.1774662613
999009,1000367.6896817723
1383420,1385120.186177231
1864104,1887866.2526643407
1404156,1398383.0144439177
1653006,1642637.9443609843
1584718,1599632.649976638
972053,1012976.084043357
1851483,1878309.400226179
939021,959254.5682840028
760992,758999.2350629526
1031606,1034214.2229152304
1315112,1361550.2606489148
993879,1006523.011659651
2061514,2081190.7729350314
768100,784790.8466482327
1332291,1321750.6785783037
1606598,1601791.546231495
1873763,1878441.2116180842
1061476,1051368.829327881
1242764,1257893.9691186333
1276864,1272333.9339238184
2229643,2173115.2955079316
812560,856133.0842761439
1414926,1422709.2099628816
1987429,1968166.7681905064
644542,656085.0726053101
1531995,1516347.6905704518
1379779,1387098.4509683207
1303748,1325580.6043526945
681543,693821.6110560984
1800629,1780124.6324482576
1214211,1231239.1090708715
1816227,1805363.3038972875
761161,784481.4462722981
910474,892588.2350366798
1419712,1425952.2846565647
1480518,1456203.3470079761
1589106,1591718.466611507
1613772,1611409.5460670528
1872223,1879590.5776218215
1140014,1119902.6065177002
1112148,1077903.1931904864
1285091,1296130.5776646484
1696200,1687801.9622874048
1435360,1423188.4539346916
1371954,1372929.3109929312
823803,820936.663444172
1447575,1434109.5020178992
1500250,1505779.930716322
1183713,1134730.3562277425
1490947,1521841.053124376
1129372,1146186.9269326152
807050,834741.3587302096
1579749,1594459.1602982131
1795297,1754010.7188346887
1625265,1629414.2943043858
849460,849290.2352117889
2063166,2054545.6601241413
1250907,1285568.4698615985
1740691,1748816.2094181688
1402263,1383973.9539311202
998496,1006673.4163015487
968133,982911.1945874563
1545813,1558882.504832211
1445553,1450055.6938989803
1963878,1996923.1234798513
1367441,1345427.1699941747
1992497,2011966.0003152948
829425,827608.2476449393
1614049,1614189.8985616688
1172136,1171654.0542725045
1724874,1716812.9606352204
1101544,1080104.84439733
1429230,1428015.00036677
1268204,1261587.4446699505
1685204,1683136.7497224591
1644080,1596496.8971317832
1875063,1881107.7606138184
1465066,1470886.464472548
1533233,1534304.375275512
2029120,2010100.3898438532
676499,690860.3065687626
1329456,1315276.9365988842
1181946,1160402.0297676367
1541644,1595294.3901877708
1507706,1516412.5102245098
1335006,1322882.2366236772
1626670,1651998.323512324
1428837,1425677.0176286877
1416903,1406384.7338043365
1446645,1432427.3628693593
2092038,2077358.3883275427
1847833,1807669.5754195764
1528033,1564046.8886323688
2060287,2027702.2418454594
2055249,2054949.347903783
1508449,1463004.0073825303
1444861,1449155.3289450603
1052096,1053516.3149545894
2410566,2317600.102890527
1183856,1172783.6273243902
1174146,1210960.8767956204
2076545,2053524.924997064
708359,713502.5897805195
1396302,1365161.474750559
1427472,1430613.424492789
1264572,1260932.8765015304
1347854,1343479.4025856021
1160757,1174355.7313034288
920046,892482.2599574298
1212897,1190820.841678513
1129842,1142420.6689060614
1731413,1729460.7988981658
1176615,1190472.958518139
2052337,2053991.4569232496
1150629,1169191.884250637
1481953,1466883.8789534138
1093920,1081852.73912957
2127493,2084962.613500179
834738,818218.3685008532
1041128,1047208.4712176976
1009868,1024462.8732831443
648672,647638.4143432342
1934631,1954154.113010006
913867,923264.6811716598
651584,664882.9322742557
1198516,1203653.9440325152
874873,859538.6667011956
1723234,1710675.478577158
1383220,1362858.7036761194
1121191,1099544.0058515195
1248270,1237429.4877737898
1527674,1512925.6944115136
1442359,1472444.6682754538
699132,697136.1428079477
2019251,2014842.7127919716
603535,633250.2290822128
1503809,1466273.5039933238
1207205,1212915.3913632387
1304254,1270327.7921385716
1346084,1354960.2847593292
1184990,1172961.8253586302
1541490,1570976.8758011102
1344131,1386354.442993595
1738856,1728078.3628876845
1722393,1748619.4608593415
1952956,1948977.0059813072
1338273,1394786.167897553
1574865,1542021.1798119573
1236781,1238957.8574243356
1101291,1085135.6531726217
1751033,1743554.1985257627
1661257,1661644.5098864825
1549256,1540266.1769481201
1112793,1133061.1023969855
1563384,1562220.506271509
1077087,1059978.1714396318
1817432,1819621.2735204878
1174656,1159540.075844941
1093013,1092504.4745938801
1077452,1104415.9963163985
1709041,1685210.0920518145
1002087,1035657.7557378606
723627,727783.8746866544
647284,682529.8688055715
1803483,1814335.2022170054
1487458,1487179.8879040815
1254588,1249297.0112123683
649699,653754.1302961636
2383789,2328366.1775366804
1074163,1097433.05080349
879064,864945.5914840495
728776,742425.9642698052
1481592,1476499.8129430825
484879,500541.35593116586
1478837,1481068.6021360909
1140134,1154155.3593349126
1938782,1930518.5534685894
1389821,1399618.5897766352
1152477,1152964.6462621784
1993948,2000428.36092248
1495137,1488078.6098830376
1249390,1251233.4635837325
1017021,1033062.4711022438
1675747,1680852.065408545
2188656,2156081.420619025
1416720,1395807.9440953983
1362318,1386406.6234010283
1771383,1706895.9731201082
1798721,1791524.3858843124
1284745,1281224.0040915227
1320669,1328042.552995756
1885376,1876618.5943640799
1502600,1498664.50925076
1011142,1007333.9725813511
1430065,1438026.2988511925
1674957,1679541.085830463
1635193,1638993.781104376
1247025,1259687.0367770249
1228219,1226264.3205224266
1311569,1319391.817525372
975105,982437.8517183578
1362641,1364138.7754350249
1524598,1489942.0293548515
2632912,2584757.0288540437
1886186,1870308.1425181727
1201187,1208617.293715969
1280639,1291884.157659197
1003899,988818.7866263571
353381,367140.87027283554
1798948,1785321.5872409286
1991152,1982599.3502780206
1564689,1564741.6746579222
1780897,1784560.2476160154
1776287,1770346.9442293772
706342,705015.9315145295
1125167,1096752.2815692173
993858,985350.430572358
1033786,1036688.6406629998
1094425,1102145.2484431274
1132769,1140675.6466450312
1301647,1277613.5200042804
1831433,1837794.6276474225
1788312,1785001.850322566
1144548,1150482.322912705
1161275,1141464.2803292477
1317344,1309974.5226144257
1118354,1128998.6264256118
1260654,1254350.281774709
1575365,1565388.4498342895
1582580,1603333.4108490231
886454,863248.2721017957
1782945,1818095.2103316458
1311239,1300000.15634791
899042,895998.9680811535
1733167,1717092.1414606674
2661841,2593132.616221981
1256170,1236770.1618934534
1837674,1845239.8803651272
1243162,1258658.8442018852
696866,704512.0251223481
2282850,2234164.1325704893
1427514,1443988.9136575232
1018829,997111.5309714064
1529337,1507331.634851479
1433118,1462236.6163785444
1695592,1717190.7499511023
1330033,1347076.385188547
1276487,1275729.9492483747
1182626,1153197.6129288324
1038713,1013553.9602736555
1154704,1173371.6062230687
1539436,1521136.6605164194
1249311,1266200.735863658
1608562,1604801.2794202932
1799552,1827352.9627419938
1917592,1912594.209974648
1092763,1101397.1869706449
803398,851287.2290629906
938928,931021.275597877
1345625,1319744.1760446797
762208,749281.8753920789
1483787,1439725.4183177233
1774270,1771662.0136750408
1808974,1811740.713096125
1344499,1334834.4564645072
1431530,1435531.4043664301
1406454,1406742.0632321024
1508827,1532907.002373175
1565191,1556193.480428713
1324848,1322341.5717483792
900762,881244.4023491006
959737,938971.7077058275
1540751,1529638.7524797504
1498467,1519740.964541363
669012,673122.1922790242
1141992,1118277.266058163
1776018,1743591.2301712325
1454052,1465185.037103282
1163194,1192452.5904168503
1056257,1019989.1244871134
1025744,1031195.121730593
1291379,1299965.2221409471
835493,813286.487726984
1836637,1842496.201033297
1358151,1355701.7677091132
1019902,1009105.522017625
1214884,1233004.5421593424
619561,640293.5768675467
1228719,1213379.1576465853
1529222,1530445.009987105
1071282,1091719.5599787745
1579833,1565853.5463925106
1268805,1247256.5676822385
1361695,1370757.4046228908
1175499,1175599.282059537
748572,734453.6746924889
1787083,1785014.2921197645
1767484,1753690.3499926978
1167690,1144207.4963974436
1006103,1043555.0195933278
723135,697822.2225524798
708908,709515.8785760113
836094,863853.6945748994
1038038,1016046.2466481181
1082938,1096233.3545544224
1499096,1489556.586197413
748310,734191.7126703141
1779694,1761102.9057409533
1007127,1049488.942821458
1365625,1370863.3051891336
1079261,1101094.6971280775
1256486,1274544.3494584048
1230358,1239328.4132001593
1864488,1868388.5861349239
1463493,1454077.8378486664
973217,990110.8347579205
1121661,1124632.1994064394
1542655,1553110.0323013
1988917,1992111.309174595
1356044,1347987.5025228485
865377,851512.312870829
1316154,1290708.122615174
821648,830408.5371165349
1489216,1467412.746898483
1084180,1112323.6507981
593941,619272.113158783
992041,981949.0174746145
1276380,1277586.446613205
1033150,1017254.5089846647
1050199,1073595.6998367805
717678,733333.9910124637
821187,802136.7977035064
1904467,1914993.9088580857
954293,971646.346995405
1229688,1251243.5289560065
1241949,1253732.8624646282
2030120,2004083.1997246393
1459342,1444797.035552757
965190,946345.4151659347
2623488,2598341.250606646
1771180,1762263.4631777287
1194216,1160359.4919764455
1123068,1102847.3988669068
1818367,1816214.7147707723
1675082,1659373.3614369917
1010849,1004111.970769509
1465269,1480943.1753874025
1636374,1625478.6462355566
1005196,1036695.114053078
702301,747678.6327424109
1487893,1486909.8480667046
1160337,1172140.4130141241
1266885,1289738.3336492628
1207801,1225313.3257946435
1725318,1739110.304967819
2020408,1993912.7321620404
1718649,1701220.0820406755
1500534,1502353.6389496524
1014057,1023362.299386638
1776662,1786411.2532809374
1237453,1227571.4709849956
581079,597823.0874782465
1546359,1505946.663989093
1426392,1416779.051002059
1601075,1582954.108822331
1636121,1611761.0716856509
1299138,1296647.2723587577
2072736,2083422.126110602
1740121,1750504.2002920741
1521721,1507108.7896254475
1488568,1489271.6276178847
1294582,1320925.4550975584
1685440,1661408.7042512004
1303313,1268073.4475637085
1471279,1465332.2168097678
1749301,1744845.330699831
1510377,1500352.4954479064
1407969,1408079.1115191565
1181696,1169382.385950386
1636148,1628631.4325857414
827425,819472.8040778401
1263957,1272932.4985642997
1201267,1231157.371460629
1472189,1504893.0471607193
861910,854626.6145447692
925583,932251.3718986326
763313,766457.0049871393
858033,840940.6704833193
846522,864490.2218334276
1548776,1516514.4303074754
1520093,1518247.7966065884
1038169,1054546.8726600104
897717,916285.840109986
1309731,1318995.236503538
1768289,1771541.7202574562
1559561,1542162.2578514582
926116,919524.9849970399
2298266,2284425.4550199136
1455155,1451178.8682855072
1653525,1674996.937212244
1269347,1258407.7786755608
1171660,1155243.5170091067
1109340,1138699.8440119345
1799058,1784237.801465158
2057108,2097706.100195173
921724,937404.0210229419
791880,832174.7847817349
1997679,1952219.748831309
947625,936633.4723626124
1068526,1087131.0105550548
566111,577212.1361079926
1383911,1386738.441617339
1856407,1823985.72651443
2093262,2097666.909541821
1016888,1008578.9604406253
1087137,1082326.1607845624
2030487,2026709.7086322955
1126733,1117670.4434991304
1634883,1625706.6912727961
1378334,1371711.5438567172
988882,982179.5398530624
1403645,1419161.3972825385
1051670,1023350.0277495097
1358512,1341886.565749174
1590861,1585479.8872830737
805025,794455.850388566
1794964,1770016.7969372722
1568925,1570347.3154996682
942906,926210.1598378319
1489066,1483157.1680972823
849336,849550.522133672
1922301,1897848.788989469
624781,632015.1230308295
1015532,1005898.2769284479
960872,972330.0672360183
1830078,1818226.2284116384
806110,829097.0343807943
1826675,1788403.5718733962
1070395,1093413.7034119514
860651,857464.0790595002
1847682,1840614.8477126716
1035070,1030650.9651503048
1908587,1887963.221756039
1649609,1642546.0016446346
1188590,1184061.4942384772
1369021,1346328.2378622668
944408,942753.493576505
1581228,1549799.1318506785
1454213,1436632.205648014
914467,948199.1303228668
613422,610655.7266937883
781679,783065.0588618395
1405088,1412036.7277649073
1759819,1727517.3392802165
1400411,1368971.6036441925
1685474,1731761.124132395
1576633,1565433.906541543
1107105,1113747.9028825315
1587144,1584004.9187307665
1149950,1160885.0896436255
861837,858538.7338865247
1132436,1136596.5356643081
1873629,1850116.4350278783
1101519,1119264.8830822553
1520954,1501617.6228152087
1350793,1372422.0144690534
1324385,1305524.405759227
1724309,1725032.4684110922
1193251,1212769.179709609
1646495,1660645.2766165738
623118,641005.9036555239
1569351,1551654.8350476292
1622489,1632388.0902071847
1793384,1813777.5768225512
1147272,1137717.1714361408
886561,895087.2358729057
1805417,1770885.627585556
1079191,1073767.4429020237
2046000,2073297.1540441327
1227770,1218050.1539719354
1068617,1092567.8569932242
758294,761568.3266936995
1328815,1360990.1827474916
1798850,1765202.4612379854
1649793,1630369.7053729107
884728,886215.5883220768
1345971,1340063.7683595163
1815046,1846574.7072932154
1360804,1361964.0525946335
1911696,1897037.5757779197
1137172,1130714.6605023562
1199292,1182440.2705912704
1416277,1380374.8159552962
1096198,1079594.9410649382
1217855,1208965.403895499
759332,755505.4311641422
862609,843956.7388577196
1512958,1523179.3355559157
1189000,1199164.5320966751
1670115,1658390.6610555467
1051744,1061248.4230648177
1084715,1129832.9999443197
1490841,1478434.720025841
2331410,2335484.2439341275
1462655,1461740.166839898
1157687,1178698.789074108
1461972,1459595.2880708214
1466436,1455340.8506168476
539332,548157.5382443388
1621165,1614857.8901699183
2176867,2168786.8837214797
1115567,1121238.616299749
1674300,1695214.131602534
896469,908858.8776565405
1108350,1097293.605793394
1417286,1405531.012599647
1703197,1720252.5109370144
1508651,1492300.0579700514
1168573,1162532.0753148284
1401592,1405747.1586006405
2064581,2025320.9584842497
1286782,1286469.2324549137
1159684,1149978.0898634552
1139976,1147595.3070471906
692285,700463.1765352205
1479462,1463866.955765682
1310482,1291689.6577842003
1352554,1333017.2190755366
1308405,1273041.5321357693
704467,693344.6352679594
1734600,1768638.6235043574
1292178,1310442.6585115343
738070,733468.3267270287
1219498,1209513.8317462106
1221865,1213290.4456584319
1170278,1161455.8547979644
905295,906451.5801204379
1571541,1563456.7598143658
1124391,1128769.5557210187
1670874,1640915.41260587
1768943,1760481.8183428142
1063292,1064357.0043394065
1310538,1335330.7139652106
1447824,1453668.1681790194
1143312,1167557.7188799393
1974793,1984183.0985311563
2071557,2092182.5479996654
1623128,1638971.5005917186
1211123,1213930.5849980477
1836811,1838230.7092355534
1062964,1050899.518978125
1107110,1140277.157311327
1539941,1527521.3157047497
1710218,1718563.8473122693
1605624,1636737.1631307239
1676552,1692091.4096360048
654648,685863.1835505925
1692131,1686125.029376196
740428,770057.2202253029
1563202,1572958.0604264042
922160,926504.8744778215
874187,852639.9321593347
1568749,1538754.5931939653
1594777,1624875.316794541
645043,646255.494854777
1832749,1820973.977714766
969644,970480.8047256097
1340496,1361420.3219763967
1237045,1217922.254195153
1032297,1058411.0008205993
1358126,1344642.0461126098
1118829,1101581.6769141762
1735033,1727686.1026953591
1140035,1155135.6169576815
1545165,1531726.1462484999
1308880,1302239.4376482652
1375211,1374970.4373967466
1603303,1604834.4234075935
1417536,1363738.2481127188
918641,913014.2821772881
1380608,1371341.4820896296
1555990,1530073.4549568114
1377605,1371188.7434673412
1311411,1317569.21336292
1518064,1479277.4231917905
1352470,1369042.8959196787
974618,1004513.9416168712
1576177,1616186.593316714
1565043,1550190.2214286614
1730699,1712196.364664217
612285,640497.5436355239
1249084,1258098.9565651834
1138489,1121126.2408185862
1640956,1605733.1507917007
1386488,1390860.2803294747
1856963,1810263.8206789456
829852,830924.9073393492
1128212,1101198.9894807397
1504487,1473262.6789193717
1499304,1525282.1868922962
1011732,1035338.967265841
1395793,1361026.2230929276
1342866,1309080.1481181346
1290715,1301616.384227627
1531396,1501023.4180387927
1664724,1652283.6699569167
1120474,1104554.2637930457
1120170,1136266.8070126937
927280,926741.84701625
1721645,1713925.638226387
996931,999346.1317930329
1375496,1363163.2863497455
948311,945212.0489418603
1008179,1020373.9405159579
1536802,1565314.0400722614
1600619,1608667.665544908
1589972,1578334.4622191535
1263442,1278727.9219738445
728206,716691.1454421349
1111205,1164730.982311405
1527572,1514376.4573004956
1608606,1585347.31385585
920078,927013.9371054445
1763263,1751906.3633907523
1235185,1247108.1088932934
1942275,1937748.490279769
963001,977250.2177694204
597454,631192.507820738
1338086,1354322.9417837637
1674758,1679224.7862770366
1968124,1970451.8582873568
819640,819116.2368869886
1546907,1543489.541797314
1988561,1972680.4680650318
1068422,1075410.2940413689
1233459,1211349.1394233564
1785586,1785123.6164302535
884507,931912.5333985934
1042388,1048573.3397827734
1176390,1169952.3447003106
1146104,1157418.7693027228
1453431,1457824.1511653077
681420,675955.1064768288
1718047,1702180.237315572
1479027,1501052.4682987642
1281538,1279826.4982116718
1517290,1498587.3848926069
708631,747689.0468981112
1198377,1219607.6752639057
1510975,1532069.1816171499
775708,758431.1877823358
2001484,1998807.6762323843
1360857,1348374.4931474368
1699392,1705279.895859492
1869060,1848395.5455082376
1041958,1066969.1256748317
1521811,1557175.9963166346
1699563,1676445.887885806
1621141,1615146.7891996363
1238405,1257501.5267446938
800915,777928.5061225252
1037151,1034981.2210780726
1501871,1532962.7005568354
786516,793794.7551402766
1351230,1307600.670942088
1243231,1237052.4937542279
1663382,1667599.000894388
1371360,1376602.1363110465
1473349,1449453.6096691247
1347836,1341413.218531596
1944391,1909264.5449537386
1125171,1151003.0612439679
1315768,1319011.8355301686
2307908,2308876.178958484
1508224,1487150.3726483113
1418628,1379875.4958593019
1432714,1434412.4456260037
1152965,1130105.616501233
1467826,1480452.0449745553
1734220,1739440.1798645009
1330731,1346951.9916500247
1426909,1394669.370225466
904702,919401.9378073595
1513490,1509290.5498150892
1103118,1102141.969673164
2036252,2012804.1780273826
730186,716236.0541104828
1440463,1420430.26890933
1128472,1090773.0960748494
976665,994085.0579939445
1341283,1324976.6738324522
1338113,1332874.552351007
1584330,1617284.7480284479
1255218,1245616.4404852276
1016016,1002676.0414625888
1468362,1480625.1341941983
1482558,1473648.508575417
1307120,1342832.9590222666
1016640,1028382.6164094075
1163293,1157432.347879336
1150599,1151719.7107139102
1161720,1149740.7935460696
994081,1020192.6744095994
1628169,1637102.3040401689
2469106,2450272.5210608733
1360351,1352809.7132228645
1905804,1892879.5598935045
1189604,1188510.3078423212
466711,480578.6600275634
986477,1001758.352945062
1064607,1070272.2074917634
1368129,1415521.560999239
1410375,1388384.0411966925
1460892,1457744.7881460912
2030132,1989775.4975676585
1218972,1253750.1324656082
1144121,1154680.337554904
1160689,1150655.6677411755
828576,817710.91308998
2287676,2243813.565292587
842488,866091.8845517569
1389638,1391955.7977021614
1568387,1518339.7255618407
1539624,1564247.2937642408
1001687,1016035.5874354845
1104051,1104272.532779187
1492760,1501338.8130760086
618011,636321.078012216
975884,949640.9961740138
1539075,1541860.009360183
1067655,1063354.0941048518
1105683,1118794.5530985289
1783417,1755994.770625783
1650971,1656635.9123772273
1129341,1118815.923307361
1349803,1320086.637900632
1955216,1943049.0055763342
1494012,1526482.2357803592
785621,797563.6033683631
1355352,1349241.0802157414
1000346,985985.6721262363
2042529,2033649.2774173592
1586593,1576568.0251437402
1368214,1349678.6231430587
900767,899144.4273885326
2113742,2096950.9549476039
1433406,1411789.8573865108
1040583,1022385.1791913412
1286422,1290386.4047220445
1670059,1646722.280918786
904970,883984.9993202925
1496011,1462634.9073984348
1489549,1495289.0340730513
1610281,1641184.3074659088
1785260,1799176.8759665429
1722984,1744878.1263366637
880074,882498.7908633692
1823568,1826914.8426293903
849679,856196.1637570598
822477,781147.6559642283
1351004,1320404.7022721877
1546193,1557731.8712038412
999421,1005700.0204375902
1753564,1746106.205940286
1411902,1404393.0396670578
1301849,1330748.8486021706
1289835,1273780.7327940224
1603626,1595530.1790619255
1894188,1877530.3372675197
1078390,1089872.1671816164
1587480,1600929.2117981254
1260655,1235070.5777383356
1489542,1482349.623295562
2091529,2096427.023924789
1572263,1598390.121720567
834765,852186.033930699
1451587,1437277.176196219
990416,945642.550273914
1481699,1499946.8158867543
1775510,1766737.0647499342
1431082,1425240.3947844647
1222971,1190324.4989294694
1862709,1838485.1822681786
890441,901105.5867901666
981593,958438.2240186422
910813,922035.3680355877
1644847,1650079.2305342485
1215792,1178744.6897871764
741494,714070.2518235643
1852217,1845478.472279643
1252682,1232146.2642486407
835370,814157.3077936511
1496486,1531987.430765353
1721870,1752578.5340588638
1042841,1060730.767095125
569670,591599.9584177366
1194777,1181142.4299697937
1881090,1888818.0289637672
1355461,1364076.6047290969
1768086,1750524.075866954
1326635,1355757.5132787575
1526048,1526786.7151604588
1004771,1006746.2798695862
1353067,1360576.3892755692
1361931,1399263.4025923593
1639436,1677779.6343338906
2156656,2138916.5931395204
1912414,1888328.9318308397
1153020,1145575.5110216315
1499592,1485647.9491204994
1764095,1763600.7702393855
1240059,1252572.032915043
760778,743940.3330805496
1334825,1334518.6599993298
1319778,1305025.857450124
1151821,1172580.436516157
1213968,1248984.8655437173
889818,874240.469548726
1795938,1784983.451391376
1033018,1049304.0166467302
676020,679552.5822715785
1054827,1062048.7881800483
1183158,1183224.3721467901
1884349,1890721.9388325065
1255698,1277221.8872033763
904413,893220.7986910172
1654437,1674309.0838819928
2248034,2214673.7935376144
1773041,1776691.6815049527
1124583,1126360.970301344
1987734,1989332.5914005432
1032374,1066313.0123987638
1942519,1982375.3105537612
1447883,1450178.999655231
1469443,1475479.447907991
1278116,1285312.2584889992
1269673,1269507.84717028
1435286,1419593.4271275664
758137,749515.66992513
1069392,1083869.6393627785
1182613,1182702.8567178894
1328266,1338935.5722600156
1120653,1131536.8183709048
1049392,1031398.429421923
1405155,1421721.7117548578
1177405,1191893.5189256838
542714,556552.3830775602
960609,940628.0228701009
2043413,2048494.368487511
1388234,1369990.0607482821
1180871,1186323.1053449144
942885,930492.2587443085
2088411,2087230.7596515045
784219,794122.4977255852
1225976,1237803.130782066
671870,676404.4216440349
2035678,2033149.1384355563
931598,919909.7880980071
1361927,1375538.6202522207
1217558,1249170.0192971386
742230,732387.4475129828
639845,633234.33607492
1152405,1165016.8000484195
966480,944134.7396589398
1186430,1180437.7432642765
900890,912978.6620396766
1360942,1381919.4943548676
755691,760722.0017657037
1271143,1265484.8953968377
944267,978006.7342327607
664732,702556.0303144841
1383396,1351991.9702962055
1320043,1359511.6022811264
638571,666869.4243275978
1066869,1068364.9280269237
1198275,1211505.1411892946
1660925,1630717.6506219076
1044647,1043469.2323346768
2168681,2150138.8895790395
1431735,1440040.3768447072
1292200,1288654.0920337897
1375745,1368107.6286875296
1267985,1248100.1458658811
1784663,1781089.9787610846
1675885,1693290.585729685
1031763,1016768.9197409138
1423820,1422133.0007964824
1653444,1665792.2581071763
1044956,1062012.4745366555
1769962,1754938.7804359214
1081449,1059993.9674548232
1663720,1663701.733869367
920413,934566.5818177329
1494267,1514624.4489338866
884023,884150.4105468986
1554718,1570910.627199828
1665307,1699123.7275094364
1170232,1143936.4839763101
1786235,1792058.5920533147
1447706,1437129.2496540751
1248502,1271174.0087675292
1614203,1601443.0305303803
1588671,1585353.7793572827
1743891,1782206.1060051494
1389300,1368732.9146502172
1265091,1252766.7915503297
1783406,1756727.6612715966
1498973,1515154.3571315848
1492855,1509688.253731736
1033417,1016140.8205565764
1567913,1572276.7917116038
1470861,1457964.558943934
853538,857141.9062304179
1490386,1502747.9768982166
1682323,1680131.5197943107
1689949,1711496.0849962693
1362227,1379249.1766719462
1613701,1632513.8312747055
1386896,1367696.813814132
2180419,2131568.530394826
1163326,1147989.1105499768
972231,998244.9421054401
1014886,993650.723484315
2066692,2061815.8556554446
965235,962269.4280378858
1289014,1277870.3439644943
1568548,1545586.4292688423
1316505,1312419.0229531815
1543661,1541173.008411547
1507071,1482806.6574403956
1018138,1028442.4109001942
1187256,1172011.1831897995
1111413,1119918.4419132343
935744,952554.640789125
1957469,1957463.3330822203
775599,774543.6069426057
1867090,1872474.514617122
884099,927380.2839020401
1247063,1274173.9994965468
1164883,1152505.393491463
1796803,1779745.90682703
818047,812917.300331545
1631660,1649354.480373948
1999828,2005608.8073533962
714930,725985.9341924894
890365,886363.2425490101
941401,959138.8350708584
1780813,1769553.7044244152
1566973,1560182.3971403865
793550,781543.7848417212
958139,951572.741332294
779930,788078.6026903711
2141222,2107207.7468975317
707192,707244.6169499566
1579433,1587095.3262857862
1362731,1389830.6693766264
1028880,1044662.0897701941
1108273,1111777.3811594453
831262,819825.7079917655
614437,655416.1928190016
1545956,1541626.0144304237
1036007,1066035.1333955904
861913,868606.4924825203
790878,832429.8051496102
1216055,1220158.512299888
1706055,1702398.8750045828
1429679,1443916.3677418272
1410006,1418203.8556813982
1332275,1318221.9608431677
965657,971978.8103380516
1892880,1883132.4165848026
1463404,1459221.5638474722
1960920,1973442.9674266404
1153041,1162330.5562138578
1377799,1368945.3059666443
1805600,1820811.730350264
1533639,1515481.535771373
1310876,1291993.2568950634
1460608,1419702.0348042683
1037311,1020358.4812558233
1789172,1767273.4436380449
799771,785430.479986774
910460,913905.8799077169
891415,896336.7901945859
1764233,1735426.8788861155
887349,888511.8707187993
1951478,1895045.7514389493
755272,741384.7167949267
1542533,1553020.5946568053
1179241,1156240.9568821313
496319,483184.6868719531
1707062,1736145.4318541563
1500523,1482383.4808938375
1170221,1188990.6028724785
1672665,1668056.5037074534
1085348,1045199.5032662697
1004449,981695.2098158442
1368944,1335860.0319281141
1422875,1413300.808142741
1614142,1626256.8541374705
1425837,1398136.158583726
740524,781619.436023826
924350,898107.737515387
1551464,1571222.9576442547
1193591,1213453.837112702
1585785,1572816.0589682076
1543275,1529628.7825128136
1217803,1247909.017765712
1382667,1389194.548868715
1271143,1327961.4424341186
1022477,1020411.0866030798
796262,774371.5883707197
1674943,1625342.2262294895
1635356,1595084.3306703267
1701040,1642193.7553546387
1437121,1420100.057443745
1826051,1874724.5641225963
1007670,991762.6478021209
1363347,1369040.2776858222
844259,847781.372616119
937532,941821.5988098341
2058347,2035984.251792943
1328254,1325702.665059751
866948,864666.2649813064
870814,877497.9308254992
1068679,1082991.9402457054
975758,1003628.6902425466
950427,958931.6886657672
808473,827324.6615371839
1033872,1022796.9225792026
1022075,1015210.9587634726
1094515,1094033.5117092917
1913290,1909216.5635349595
598293,591565.8766541637
1317393,1313916.4121162898
862686,852898.9222522557
1490479,1501414.4729213617
1448331,1473537.4753572098
1820189,1803296.8307433065
1157732,1169126.2225757623
1522668,1545151.425385985
667501,677052.3431664737
862812,888335.804702688
1196858,1217259.7510899408
846322,823204.0628253245
1572876,1590526.012760658
1869530,1873048.4752811766
1643522,1628464.4264506146
973293,1012014.0763767592
1124416,1098649.9978805638
1818001,1817025.7651937802
675076,688314.3716681829
1580241,1606455.8639287455
757584,784494.4801917461
1162732,1183784.4194382774
2024943,1994144.1347287155
1823260,1809552.4087024583
732211,729962.0640943348
951973,979905.0383410152
1012306,1053817.425156896
1654424,1630354.5728802436
1718617,1685048.7919668513
1270765,1289037.240918482
825720,820821.1192888595
1213744,1202401.9308666186
801844,805271.9309271624
1474421,1490535.795680286
1600879,1603441.6272461193
1200460,1220666.8502489622
1418133,1447919.7206770738
927216,927183.7510583703
1737907,1795393.6997441426
1205685,1193803.3131648486
1786510,1768966.5763249963
1297591,1290834.9339162426
1320316,1317627.0961874744
1533847,1520645.7911730309
1994780,1998413.333982564
1064601,1053882.3702756916
1441630,1461343.9065476425
1421205,1468665.5064143005
1580722,1564199.1998709862
1062405,1084483.0437873607
933068,939091.1936583323
1585324,1579536.3245158957
1748717,1753231.541624229
1165503,1174008.0227936844
868378,879544.0594640851
1241818,1200884.66932721
1047713,1026146.1251841492
1137471,1173784.3818579114
732231,743583.6705354532
663887,688002.0296008498
754720,750642.1172873582
835082,841173.89071397
596638,633183.5884298133
848362,850070.1582965174
1338332,1365130.920739122
1057959,1050845.053305557
1568741,1524161.7663353446
922136,908656.8556418986
1857747,1839410.600502796
870232,859645.5849639165
1443776,1496858.2108520246
1753754,1747386.0945637138
476047,516983.0400403571
1379029,1412874.0540021127
1107225,1102236.3779334566
1642065,1613901.5129822541
1053078,1055794.5046696533
1097515,1101309.5669424848
1167574,1172345.74302265
781814,784335.8118241745
1960361,1944460.5354219086
1249438,1259649.2499239016
854842,847012.4129562307
1054425,1074934.5929372145
1612056,1626491.5164309032
1985340,1924908.2922898075
1355531,1338939.649080747
1480256,1494728.578714628
692351,682543.2984643902
1825799,1800392.1596111187
1439831,1448427.9823696006
1864911,1840495.8393847502
1911855,1900967.2190602184
1702723,1701559.6236363386
868930,846790.6397818165
1121210,1085959.8117846576
801071,800786.9372855047
1090176,1073776.259956797
1242094,1245892.6832017389
1011391,1004297.851213207
1693245,1691192.6077000662
1940589,1916762.340043338
1271776,1289519.0860994824
1671793,1663407.5044858842
930732,962663.638913707
1651259,1660800.1700346014
628811,650731.425549292
647557,638471.1656039051
916175,908547.6450390305
1019911,1021863.3039294261
1552326,1543437.2382001614
2141216,2132886.137240015
703603,728676.652800235
1151418,1143313.075963396
932518,961564.0514133661
1004461,968729.4973665279
965820,971992.5532969304
865274,851829.9426925146
1727869,1719934.3718705727
1460836,1442922.2186520186
1376784,1410815.620991816
1707808,1699035.5817038177
1867024,1864496.971837445
1862567,1854502.468458832
1883108,1849818.5886539426
1674122,1680342.792606592
2296946,2277780.5927284034
1232729,1225769.670402227
1338502,1346806.382821721
1635095,1654640.832880763
1417606,1416991.8397122878
2026959,2018448.6335896961
1197536,1204054.5244388652
1973281,1975378.5012705403
1032636,1012040.5264431754
1221671,1242139.6613334932
1805752,1819285.7485609876
1586344,1592232.2308071638
1565929,1562125.7135952164
454139,450580.77815319033
1072827,1070258.3735271676
1055622,1066057.6388706416
1055022,1060887.6496521742
707123,692753.6206958642
964468,983753.8635068343
1661134,1656570.6028465228
1836785,1825465.5666320177
563684,567973.1206636694
1782487,1764465.0785867968
1370750,1373319.8841997415
1054909,1073040.7454200077
1237988,1241826.0553973957
1774703,1743597.4464297807
1114155,1102967.7652635288
1308213,1311007.014445281
1006873,999572.0796134509
1190844,1222947.8145974209
2315404,2300199.366213161
1121720,1149830.1001043017
956776,957576.2313192668
1787142,1794664.5639345516
1161447,1149191.8091822348
1912464,1899684.9063237498
1294846,1331116.6095582743
1052106,1035276.0494526632
741176,762963.1601117811
632696,605602.5772610176
2067361,2041051.3016496827
1498028,1523846.1490175345
870792,828132.7470068141
979309,961111.2278037162
1419167,1420676.688939492
666954,665020.1088985067
2037624,2049595.084319295
1348111,1351622.932238584
1448680,1471206.2982117352
1935488,1930999.3167261293
1412570,1427909.350778861
1556519,1581846.5284569946
1135140,1144020.7758032838
662109,669491.4244874087
1302926,1333170.3504128598
1535943,1531035.1069274675
1352557,1345806.6101381823
1544158,1524397.0679383895
1517499,1500601.0557239696
1951146,1933024.2934784852
1302943,1277186.5996496968
1664080,1665307.688349759
1529824,1577223.3399330666
1532444,1542167.4025824626
723850,735974.8110327286
1787967,1779128.881385168
2260262,2263685.025572928
1190169,1177454.2741076981
1242158,1248739.9759122422
1795263,1786174.7113635174
1139101,1143782.6922049536
1222925,1242685.4117452363
1761008,1763662.3564349487
1353855,1358902.1722704105
1227878,1232726.050784209
1368003,1367547.6228768434
594771,629261.1341214495
1302747,1336067.102110841
1507322,1501352.9832308071
1481680,1479303.4564368895
1319854,1334086.7519622026
1519491,1513307.5894341506
530874,555878.609928745
1041564,1057450.0429760523
1418967,1451148.3668990894
1597940,1583681.1633250988
1329598,1333994.6618647715
1138908,1114312.5691161843
1013560,1016733.2046835362
1184021,1201071.2181948689
1211845,1174544.3157087234
696545,704886.013480521
1438700,1440823.6828238682
1133195,1098713.168283945
1717663,1712085.1415025936
1079549,1095620.052963636
801487,822967.8554538217
851406,856401.407956575
1037412,1055964.9029531062
1296020,1289147.168962956
722788,721250.5742292884
1777677,1789233.4795036942
1156657,1160362.2537515368
1393972,1396545.4027603127
1638731,1638000.4126136687
1285855,1254462.5054256294
1368668,1392228.5966591095
1708036,1696009.1922008528
1508622,1532352.2611095407
1715092,1705685.776579018
1295214,1299312.6634199694
1932986,1932237.8104041032
1462588,1451638.0361302574
1736046,1749724.730290482
928543,958544.5902491745
1084499,1086704.1749749267
1885810,1883117.7738139264
1280613,1245883.776659422
2087831,2104732.7427688874
954172,938835.737331451
1671107,1697887.4802037491
1118839,1121057.9217141112
1163732,1165637.641083971
1485017,1439244.6695272843
1034916,1056678.2025940497
526634,554288.1800604084
1310521,1339729.1620124336
1656199,1660828.677278286
1052582,1077290.710386749
1957986,1943407.098607623
1894697,1906190.9092693063
1144689,1159331.007031025
1745375,1746403.6815482965
1518454,1540219.4682589667
1961645,1952710.0356461313
600963,607497.3092091741
2012660,2031944.1402612985
1099429,1090368.5978173222
893935,875878.2698880482
1056160,1051628.8440595197
1697772,1703734.5965345793
942233,946090.2545936895
1077901,1084116.6360595904
1520821,1518438.072131195
1298489,1277663.2690278252
954978,960852.8961821023
1534009,1531053.8081690718
561553,568864.4269769072
633352,664207.7773605386
1926398,1905771.1798379098
1542241,1547632.1339381628
1135677,1138250.6005054747
1522417,1483251.5862060366
2066732,2051878.9683994602
1313247,1287188.7938717676
1320365,1302921.6097866932
1401840,1396016.2488504432
1681514,1659218.3787331788
1331853,1343475.146039828
1071503,1072427.5610708843
1144425,1152773.165489561
1190575,1207535.2586592752
1433655,1412551.5455676632
1683142,1687370.4968588008
1666042,1697729.364975757
722263,732658.6395514789
1405386,1389283.891853014
1351121,1359979.7261681587
1144622,1130543.5484372745
1518205,1486237.1120560141
1477558,1474850.9816633507
1461138,1489700.9270423306
1292341,1285912.7792050163
1847733,1848892.3299533934
1348625,1350529.1539600568
1508889,1529858.9357768411
1756791,1739281.9156895976
1198872,1205478.0632182825
1289664,1301359.9105552088
1526136,1503396.6965173462
803749,809839.7555034936
936963,930863.5550736814
1459786,1471734.981442129
1047957,1045790.773019768
1480224,1491284.0316433408
931417,945957.6287807798
1378064,1405381.6906332641
1384346,1361520.4571443673
1688542,1730587.5422082797
1187053,1196621.6885408054
915612,939342.6119963798
1398483,1374909.5283266974
720396,726577.8726497
1359354,1369723.430961486
2049221,2044647.3121058026
1982479,1975025.1787024017
1499932,1495460.678738744
780370,830832.9980264122
1529678,1523754.373006632
757571,799029.0793267171
1341878,1363224.6495362206
1691429,1666156.1048819458
1583350,1604025.5604075647
1479983,1466835.8696054646
1221297,1231968.6021296787
1070999,1046952.0320493145
1525604,1554606.3902475957
2103821,2091942.0059721605
879276,889348.1075514937
1494509,1511809.566474259
1423396,1387299.9677163628
855443,832217.969230981
1194756,1206349.4135779683
1103105,1078598.3593628635
1719597,1740534.6966846406
1829949,1855810.501983733
1387558,1364791.8855527819
1705120,1696061.3032216262
781086,782415.6055704756
1036048,1060192.0399726552
1328340,1316326.7618188232
1058713,1084217.6300167243
1279747,1291167.762218498
994104,979298.0655244022
820296,819808.3885344716
1137565,1173654.1624857967
1428333,1409141.6191616042
830336,836338.7363233678
928313,962750.5096391543
1652420,1665455.5944309528
1449592,1476026.0366676215
1211500,1215056.6825799507
1226966,1204695.470947736
1003532,1038792.092426375
1018030,1035355.37877638
1592132,1555454.1225714288
2043607,2030556.0852034204
1008730,967091.2763564793
1422125,1447125.6139296861
912513,926266.6567213199
1037019,1050975.1990782563
1300702,1315150.8163334508
1442354,1462150.235399396
1717337,1727118.6117510602
1227274,1219786.3118083498
818836,807383.6127886426
717404,743761.7286368359
764382,744096.5072271791
1538291,1525363.936553367
1760543,1745838.907025514
1571142,1597843.6838547823
1782024,1773693.0086206784
1198704,1224537.8348967137
674054,664094.0930080721
1044663,1059977.3746102257
969864,983266.1005081823
2111309,2094695.91253936
925267,914892.3021271103
809863,834113.7950711494
1644805,1642648.8076896674
1708201,1699488.3611584874
1256036,1228964.4894900168
1162760,1161628.2868782382
1637965,1620474.6255469946
1410934,1377151.219582281
1627377,1632520.5322213913
2433295,2445529.7327050082
1809856,1798693.84824208
1549893,1563848.5718253017
1822737,1800750.8241683203
930444,951007.5071127914
1197949,1186830.6344257775
1377379,1361539.4966672328
1884948,1884009.4300565724
1613918,1635078.055539892
1672609,1669818.6908215398
1270329,1262998.3231913392
1788987,1797962.7068821865
1274313,1286667.5033521454
1088624,1082650.9909427064
1683088,1639888.3881876506
903746,892885.2889635011
2105527,2096659.7838243823
1507310,1512840.7293395565
1618362,1622032.2108631588
1162292,1180925.3555785124
2165435,2120013.986298894
1450026,1455967.4347111853
755763,780234.1583136384
1454790,1449042.5078622997
1465169,1484775.8170155967
724330,693484.3821994895
1607822,1642225.9399527581
1303958,1301578.6670375469
1433584,1409392.381658978
1626132,1628827.3121216777
1654062,1657957.4249277578
1856061,1852852.2463568512
1098803,1066465.2979349738
969226,978020.5548644583
1203829,1198047.6778580889
1608834,1611945.2618588514
1197738,1185765.4224421603
764970,765402.2318668454
1459551,1443121.8863886518
1263051,1273923.922711306
2473244,2450638.3015943286
1459553,1479771.937245085
1165451,1166620.5088708946
1490318,1493797.7272759539
1002198,981882.6689483956
1147730,1176543.1284085053
435600,455349.3189141289
572766,579161.5029057831
1634437,1654183.2324208212
1388051,1391308.2663863965
1637743,1662069.1466502366
1731986,1749532.2363788558
1291667,1286978.8762895658
1128672,1106390.3152019896
2149727,2147513.183723689
1437160,1425415.3988411573
1905147,1910034.6079919846
1804951,1824184.862991986
1037208,1054176.9401065984
1615027,1612916.6213163333
955949,973044.1917693715
709900,707580.0203856489
2062407,2023283.7466364896
620638,619322.3949267366
883005,898150.1034842774
1871014,1874162.0585788544
1385846,1417592.8154157195
1590827,1615867.3249384668
1598123,1592601.6188657708
1317834,1338615.1091915895
1363675,1420037.9509795352
1111239,1109793.4282685756
1228041,1213747.057513385
1315449,1316984.5235032777
1689677,1687548.2841117196
1856520,1845737.4832306746
1182955,1191681.0645726419
425560,429751.0277179861
1062144,1062898.7061592739
1021472,1017506.0458766834
704992,714759.3037830942
1823718,1792176.5931033953
669099,699007.3876609749
763383,777742.227640567
781539,782125.4665731501
1119823,1122608.0881976166
576144,616389.975318041
1700370,1686520.8239240095
1580575,1583701.8236798062
1098175,1104283.0273238309
1499652,1512924.687302638
1257889,1270953.7202925363
834839,830702.3556426772
1814005,1839906.3122635225
1247410,1265725.719447834
1062675,1062168.5564748838
2305322,2281079.470471574
440567,442124.899202773
967029,995848.3771501274
1035793,1035518.228980249
1132838,1085675.9506659578
772385,786311.5680320235
1104806,1120238.9994141855
1439605,1440100.6496502901
1022973,1044904.4799167631
1514127,1523690.7750769828
821615,840602.7587999121
1429926,1434290.3786495742
1475011,1489809.9335702276
1457033,1447463.7791899703
1820529,1821734.1832888941
1159370,1151624.9939810985
1417533,1395835.4680731257
1297737,1302330.8933465965
1432850,1442743.2652228044
1421430,1429507.7113250035
1097600,1074269.6213895353
1932589,1927166.1719261885
1203607,1214662.5470583667
1492780,1469438.7446292266
1353199,1320140.8245507577
1857943,1856574.8661756448
1623173,1622038.1976981002
768769,760956.2109359996
1557772,1560174.9888705846
1669928,1682856.4783352606
1375126,1398558.6593546649
1357484,1387488.8917845716
1398478,1413795.5633817678
1454260,1465397.2445604065
1381033,1392904.8053607112
1497566,1518390.3441473588
2019264,2015493.1100893049
1184576,1190306.4439427264
1026733,1001089.4898780307
745584,726665.1240313449
1600638,1588433.8475771812
1175050,1200893.6988781283
1944504,1924278.6938021122
1287661,1276767.549130457
1462039,1460556.1696283924
2182399,2145669.4352150513
1659175,1637434.3761484567
2067399,2037450.4958965601
1572788,1581278.4617726249
1073023,1091002.5165902304
828071,831182.6256398725
1356042,1349678.6855460785
1349549,1348813.1683295965
815311,824571.4822856439
1973760,1980004.310743891
1473470,1473348.5161693443
1065108,1023792.7840914533
1782293,1798723.5566735978
689222,717806.4209215716
838453,845035.8417528521
2019485,1984908.5048516223
1561047,1564488.7329092573
1104943,1099762.0098786214
1380378,1385040.8211745406
1416209,1402609.7970151575
1375911,1396615.5307941667
1473296,1489631.678127166
2006180,1980680.6402246428
1711976,1725144.17798483
1521622,1480465.0487148038
1019628,1018340.3874656453
1139280,1142964.3869718264
1172316,1165141.1126124524
1032610,1038853.2222658953
1563397,1542039.0560809572
1027553,994866.2216977624
1653107,1637041.0595415696
1969759,1942276.0058166818
577678,606059.1040561256
1915798,1873164.0029315006
1357087,1368398.7103535105
2471273,2435036.4181737434
1857939,1864686.8533244766
1191638,1226315.702851447
1315146,1300268.8333306904
1751357,1777842.9581791991
1438236,1421892.6600987467
1464537,1439219.118811492
1610382,1638504.9267263603
933723,933694.9532103734
2040103,2024243.0821644643
1184833,1195888.226700813
1266579,1275968.602376147
1271213,1256926.8620735004
1188996,1190543.564515039
1059966,1056536.2255906626
1522369,1506788.314154017
1812144,1803595.9835964837
1520692,1505901.45618733
979842,976316.503299852
1605710,1621400.5815518626
521676,528966.3204500268
1808428,1813105.8823757067
982973,963106.7099205055
1583315,1587003.2511998515
485951,508059.2786093471
361441,382427.5640322343
1193813,1181108.369536411
1711638,1698231.1347708665
931281,939779.8252716396
1261768,1268495.859129382
1508747,1529164.3405683972
1034282,1007391.2074614178
823039,833447.985469194
1757177,1766370.1736547546
859287,866377.3804215756
1405849,1392330.9915441733
1214460,1225151.0529491524
1639973,1614672.0473008342
1627667,1618251.0671800114
1050406,1062234.7481773912
1236640,1230066.0286633444
1528345,1525593.6500391902
1681365,1730856.8932337356
1620221,1624531.8535984517
937428,943599.6404348187
1298289,1317443.7527771462
656190,650597.5885618083
1049522,1059731.8014919492
1383692,1372752.9317726018
1768562,1724228.2693680043
1379761,1365553.8393858038
1374386,1401454.6113908659
1062799,1068357.9375332175
962092,950960.5143672316
1423227,1445056.919106389
1198098,1229583.0295795824
1446906,1424372.6951054882
1622965,1637114.684760998
1231838,1238759.023415122
2004753,1988715.8968525839
1806938,1767421.784927894
1081641,1091431.5238068167
1056486,1077054.5479425364
1585075,1600649.5706211722
774901,784685.2755676776
1490874,1513262.2152850581
814245,817638.1782626542
507391,503960.08424418105
1063212,1053990.8960868681
1142905,1152391.8656921538
1505956,1493678.5059195901
845854,833161.628782921
1146422,1113666.4874213093
1878287,1864130.8983863858
579765,606723.1355678211
1073421,1075983.1227258488
1315087,1322615.1740810198
1601803,1573637.2094038855
1129159,1116944.0710183764
1338732,1323228.9677134065
1072227,1103901.927234653
697963,753471.1368098372
1306514,1328982.6806831628
1933571,1905247.3932098788
1604268,1591893.4360332645
1439330,1455204.5755641123
2024238,2041315.691331438
759505,788211.2176931347
548383,550991.3321944444
850100,862844.1968575966
1676071,1688206.230364844
1757227,1756286.4874421344
1691649,1701334.924874833
939070,942147.0730964786
1731337,1715323.1428427398
1292767,1290184.1464239135
1997073,1985361.6774814168
1893750,1899020.6170140936
696486,729820.0902142351
1116589,1117922.4992134036
1702060,1695878.6782600617
928075,917543.6668516377
1404773,1375874.5564476075
1381404,1375785.5511448267
947887,944959.0282029941
871427,853312.067539189
959415,959712.3855409948
1745266,1699357.3584339607
869894,889344.6925118144
851121,847899.4212822844
980038,999128.7123299475
1673140,1669366.6872324247
1206701,1186613.4627132814
1079729,1063127.4990654886
1620886,1629593.164443928
1153128,1159001.6503265423
1665735,1638004.648880159
1013343,1026499.9371322003
1420099,1430444.3492446113
1612278,1616031.2005996783
1179243,1204513.2505747383
1548174,1518759.0445251404
1408543,1388911.3121373134
1193866,1169346.5471596692
1333089,1351640.532135561
1674604,1672152.731113462
1338626,1334692.3192039074
1626474,1611299.6848350891
1218702,1223696.9783418903
1646064,1642933.5600035358
545624,544681.5622946828
1245262,1223324.1584910946
1616941,1621529.3176901187
841330,813022.5188349442
906490,933662.434017229
1090403,1096021.2913615154
1442616,1420743.3837126757
1461870,1453113.8951950003
1102949,1122237.7754599568
1720419,1750107.7629071223
962917,984600.464230178
1543898,1571182.5324354256
1210844,1205422.8175806282
2044568,2023337.0636668783
1561922,1546164.5866011968
1394135,1385790.8662795578
1001601,1005977.094370547
1520811,1526563.9717991923
1681810,1665320.9978448844
1514199,1529120.8112887999
1622135,1641580.5136165707
760245,752816.9823816243
1966917,1950225.6118089587
1563146,1572668.3045810945
1682382,1700304.3449318225
1549039,1548870.0272387117
1453600,1437819.0112800875
1745302,1746271.4110571619
1253095,1231794.0275303721
1643187,1611428.1420254153
1316648,1328306.5903939754
1529947,1543399.9090577369
1484024,1494062.4820880245
1350725,1387159.8316125264
1517233,1531847.5970544552
1114118,1141853.816769682
1561779,1559279.5507349507
871564,892445.987208643
1463369,1481677.2251894602
1975822,1984188.4399578765
1159005,1172642.1294753153
1565216,1566692.0321993106
1270215,1272658.5724317974
715979,690699.7232259737
990879,1014500.1793566648
1501643,1482582.8340127077
1999112,2000250.8027104733
1177749,1188700.2881893436
1114538,1110492.7077702936
763523,748843.2739888384
1395601,1429492.5836606731
1503989,1517495.7108763077
1230957,1220027.153824795
1629859,1633969.6312622777
1253283,1275003.205796398
1665927,1652486.7382400895
2043491,2058089.5315319893
1287280,1279990.5499704161
733008,746346.3249142531
1611344,1595354.0011218828
1399364,1371960.9927294615
1054597,1081464.6963945944
1595686,1582777.9376535225
1437989,1450558.9210576513
1474103,1470495.480738941
1729200,1726925.5092017537
733420,725411.8819680017
2058753,2038970.6314872438
978466,992067.0128943959
1405837,1420025.8711183984
1371833,1418402.110937093
1223226,1216699.801532114
1309761,1296324.786435914
1358618,1375641.5893431709
1575285,1577947.335495966
884671,902258.0832856194
1348157,1365247.8582637862
793139,818103.6675131514
1360491,1342277.5903263327
1260004,1271248.9512799464
1689469,1706065.6885779526
1287063,1282194.7302262592
1614776,1647780.3360310772
833860,833681.7748313046
1735130,1747292.888627088
536916,517710.6970436331
1138007,1125258.454499201
693803,713520.0020114132
1319537,1296677.318710914
1245839,1244624.4337413025
1875961,1886521.8298567226
2011519,2009124.6832495215
1287051,1272482.212094031
910832,905643.9444261212
1631055,1621616.417848228
1558519,1531336.645938759
1424147,1397783.817961605
1184495,1212042.573923154
1365939,1364697.0698523105
1142740,1136225.8326673775
1030398,1046854.1849704048
1787547,1788842.2154849295
1168064,1164452.1046792823
1171924,1159587.8824474905
1892250,1914222.7760003326
1443654,1456900.4550146027
1351400,1374238.997813327
1351228,1336006.4690734935
881077,900877.2364480402
1747060,1705583.3986590488
1497218,1502914.7007617608
1535846,1552636.1611319778
1798663,1800052.9639651745
1441482,1458292.3409392408
1138818,1154142.2306547791
1278628,1290270.5026257664
1510606,1495859.1712187238
2299193,2325454.1677593887
802260,859887.1560753459
1420006,1435995.061520276
1522416,1505086.552190809
905692,911388.1144828674
803647,813072.0255013838
1160275,1144790.8923061898
2189435,2138248.986353899
975829,994093.4075426114
1741930,1786107.3157621732
1667380,1652453.5844176505
1593948,1619449.3555646436
705530,676362.312369627
1356319,1354457.6692818857
1174351,1157000.1008125392
1444931,1428958.534131125
1768474,1781054.6853684809
1061876,1039344.2021270817
1234193,1233219.4628747196
1128448,1097076.6430097295
1210493,1243161.3431608449
1436965,1422079.6666264813
1092375,1128126.1838236623
1371611,1396458.5012534657
1088910,1108187.0091437036
841608,841676.9889588534
1896750,1884537.521149712
1061274,1051892.0933407831
1295433,1280890.3006857017
1382258,1387215.7643504457
1276841,1252673.6073285595
1335726,1348908.6740367683
1553479,1548838.2889283716
1407964,1365209.2821859303
1537560,1499660.9517756945
583956,610396.0145132304
1399018,1400789.7722810388
851155,844274.3252843366
924572,969580.7254098088
1346913,1319929.6269348848
1037501,1005290.5469753097
1971111,1979610.9538689328
1316294,1301253.4656875494
910648,887418.3719523551
1356447,1344823.8401220692
2237403,2212249.8819290595
1896712,1868274.4658505218
1070280,1090187.222865653
1091753,1090854.4725951203
1821435,1818797.378944623
658920,665386.9469026802
1857268,1847632.6646738234
1873009,1880329.131254676
1146779,1149699.6088880678
1180254,1185946.1564670822
1141017,1144404.4528674746
1555325,1560752.713769195
664085,659849.2279097307
1561839,1534450.6545986803
864820,836760.9379034747
1782005,1795299.4124571125
1057493,1062791.0230316576
1195829,1166630.2575312732
808726,815757.8514578629
1306462,1315754.562892586
1422929,1451468.5804137546
789627,800997.1241233436
1464417,1445318.9330122417
990960,966215.0930002275
1380272,1401225.0403186805
1542089,1541387.1860331327
1632986,1675067.7424378889
1360404,1363331.041425371
1679538,1663370.6036764209
1958092,1949427.3619162373
1613491,1606346.9999656414
1408799,1391339.6906821015
1724054,1726462.4711076035
2074755,2071304.0276150068
1184063,1179522.9523292144
1450632,1432531.1210093885
1353790,1364318.609085177
695874,698305.9506311602
1760481,1748680.1401040542
1294048,1267779.9614496785
1870117,1891878.3835899539
714521,742654.7956182599
1125551,1116173.956952727
971971,1000242.6568038473
1513711,1531192.855393262
2033570,2011234.2384341657
1331486,1316377.3617119628
1769027,1781324.62469235
1163965,1192339.764017342
990028,980402.9209986152
1863052,1874283.5616916318
934938,919715.147118333
849155,850479.392487093
1495447,1499646.962302359
990326,972803.3245441045
1844282,1847565.6674140773
1709545,1726643.783361248
1063183,1039044.7876302517
1260580,1240066.3237557674
1090148,1087378.4861300818
1554019,1550172.0150472447
2046833,2009408.8235791747
1847919,1855206.46665764
789541,752067.215461696
2049019,2076343.0129468022
1611216,1627844.6171782287
1772310,1795067.4342389244
1313247,1293568.3549872458
1405534,1397479.4044651827
1328234,1340783.2548312587
864839,896149.9837623633
1372700,1371565.0900434717
1402541,1414905.8614579951
1481060,1486457.5588447151
1592674,1579291.2035509995
1038799,1062258.0353677871
739747,729385.5751117796
1394299,1373689.1888627103
1081981,1093661.6424375344
1500557,1508297.7550913661
781182,743451.0631319586
1354665,1346145.5937502563
963636,976369.4964389967
2075580,2079483.236542362
1829037,1820691.9899597955
1760043,1752326.2013359834
1714490,1672750.8159168055
1304242,1317314.0427974763
1581609,1567894.9233727753
1204822,1198914.9952915013
1084373,1088682.8655316758
1330342,1332762.3586530022
1025668,1062135.1755857961
1574255,1579287.9163071378
1031419,1042231.932672568
1809552,1810059.9813824564
552155,563101.5928179676
1800911,1792481.340031505
2175521,2198955.6248314055
1464161,1456771.4308546567
1397862,1409782.172498028
1428350,1436830.7065350888
938104,939919.1673031603
1622951,1617445.4083726208
1841081,1829313.6894832382
1094707,1101233.439193295
961308,991430.0684335981
1559239,1556373.2886406025
1222388,1210509.0738439758
1260160,1273098.5111041362
2085860,2097334.027618507
1738733,1721642.4266281973
1400034,1433374.3171163497
1564829,1589292.8534596756
1035886,1033031.2515855279
858486,860306.4713642163
1014858,995290.2574927894
1543365,1551154.0185540717
1526589,1495861.4651141423
1439283,1455517.096829046
1085066,1088053.9352594302
1337069,1362991.7803344023
1119648,1128967.2002106425
958035,963266.762480018
799093,801945.398719906
1340621,1330462.0888309316
1813680,1827875.8216543396
1447088,1476416.8083932023
1063382,1056474.5619554706
1597433,1565347.0508797967
1239353,1244372.2059165447
1045145,1053670.3892850266
2597447,2529921.6310847746
732387,759537.2600919694
1371562,1372510.3982152448
1790978,1784571.1048980749
1181120,1200870.5779990633
1461458,1432022.2687467074
1410181,1403789.7396563317
1711667,1708692.1665181331
1393112,1389525.9800442343
1093487,1104622.53150271
1190316,1208038.257861956
939039,938798.3073562065
809545,790456.3300163263
918056,950828.2420277582
2183511,2124143.903592168
1776367,1803555.4868092374
968715,959015.6784011362
1435783,1433033.9484404374
1351204,1360310.8972010126
1467711,1452193.4694469841
1170419,1151083.2674012503
1797039,1815506.028415826
960482,937249.6451296627
1843860,1831842.1243134143
1372321,1371681.710945018
1187739,1197414.7406499514
1097430,1116139.2533092443
1472999,1455562.150920209
1052339,1053777.4630165484
1033345,1050958.7198106411
1521154,1515232.0927004183
1582521,1549662.4600272872
1276381,1268548.3775365825
1292133,1278667.8644318478
1557269,1536292.1842289409
1545853,1577093.1931237536
1741488,1740809.7646686505
1837726,1840057.685739309
1138030,1157454.551921365
863554,848265.4166427207
2283618,2293261.411347431
1878410,1869274.481594238
561656,595958.7951847799
1523172,1520059.0620432184
1211316,1265276.5827521672
1508351,1517024.3920729368
1462654,1494405.623196273
1523641,1523847.3665943306
1584762,1597617.6371007832
1738714,1748791.78975622
1698210,1726090.8133997023
794127,781798.9534506272
1543880,1560548.3055896468
1258569,1262468.2268328427
1836657,1840919.039263166
863405,859223.7782215698
1627852,1606902.33089163
1267066,1263466.700618836
1003194,1027276.6552522916
1257896,1224151.5086157504
1025698,1015425.4752679914
860844,855332.0832197281
1596858,1592674.7052426334
1490194,1465098.3609126736
1650361,1681853.2236954395
1574098,1583757.2458157015
1261099,1257292.9744628067
1668557,1667807.0134288154
1508304,1518689.2339007936
2033055,2008472.8258608829
1540028,1554006.1846745363
1218159,1214370.7103448287
1365349,1336826.9620008671
882135,872873.578429927
1303358,1322189.8286136764
1436596,1443986.8644360842
1659300,1635255.6184080497
1948677,1949489.146531278
2208603,2169608.0155729246
1145065,1163674.9253041889
887092,876199.9739725419
998374,1015812.3910094451
1084308,1071598.8149041922
1652083,1660253.888073417
1479661,1467135.6726117067
1577525,1559236.1646426462
1040042,1050795.1678155726
1733249,1717736.1585337077
1622673,1607541.2180596704
856747,894966.6629727954
1681457,1685254.5528423293
1604793,1632127.7517790974
1801301,1807565.7482199979
1418850,1433313.8427130692
804414,815256.4313517332
1021880,1052731.3927500935
682785,670802.0866961408
1020515,1027758.4715761216
1528859,1496871.8000431606
1372274,1376814.455298429
742050,774259.2985833335
1313702,1303118.9167037779
1823256,1784765.6292982053
1786223,1796077.253681692
1994423,2007124.106739559
1297980,1311235.4099061175
1597833,1595036.4358819781
1646589,1618786.1317817632
1329872,1352582.7376312783
1393132,1356364.686007032
1279452,1274604.9287789604
1180225,1217815.8399034194
2116119,2109962.5732201533
1493831,1520649.8321765997
1732352,1720239.046571537
612901,652762.727631412
1101899,1088857.3959396288
1132523,1127413.1327869126
2279627,2241746.279331957
1092353,1082211.873975249
1165608,1138775.127575636
1391675,1402268.1979617265
1561343,1565066.6296561118
660299,651307.7312948896
1697906,1676476.3465492127
1811795,1836736.6730458427
1541249,1513279.037173454
1895334,1861432.5553692419
1769092,1762745.8002013108
1231757,1230848.2345469494
1911566,1907979.1091690725
1355455,1374232.1627038303
1114342,1139145.563667677
738711,745181.8266918208
1268950,1250026.5201894597
1460019,1426707.4206681314
1709836,1704209.751445452
1804090,1785914.239685456
1799241,1829867.1778225794
1287543,1297313.5577349635
1231763,1256891.5182845972
1735680,1753102.7144193426
843223,859456.6983150948
474779,493979.30632460315
737511,749437.0179058653
1471580,1512510.0331719934
1619140,1634370.5179780333
1735543,1747211.3643913027
1772223,1771413.075313531
901406,915759.4643059759
1961480,1929809.2271117312
1547336,1538371.3835397384
2064676,2059717.2339917808
1132954,1139111.864224813
840044,828249.230308417
1011280,1001441.4339879332
1598766,1594596.132714824
1153032,1136965.5375867018
1801608,1805541.1638390755
1022387,1005792.6436656149
2245471,2210615.363715193
932775,918645.6494060813
988630,982600.5215625837
1361685,1392685.2492255147
1113522,1103521.051273264
1170697,1161664.144457161
1206028,1197900.3959535162
1534724,1550353.9398540806
1483797,1462538.5544736874
893954,885141.6731699997
1202887,1224592.705596887
1224029,1250295.1480077368
730610,745289.9490459881
1473402,1492902.5449113112
1237572,1227523.631596235
1419616,1399643.108611645
1054238,1069465.1118054579
1294875,1300376.5861268195
1103018,1096894.5126589662
1369921,1362625.9926965502
1178512,1185915.1683165499
1444112,1473864.3061261557
883586,886813.178547751
1312256,1327806.297483735
1154337,1183654.489722178
1576726,1587182.7903257858
1231485,1255304.6664398643
1483305,1490036.0492944026
922328,933353.9236310788
1457824,1426428.0774242748
800339,819255.2889949916
985345,1014972.0620206583
1406085,1430274.5862220419
951334,977482.1286781228
1831436,1829674.5006129786
1480563,1463309.0999018413
1573015,1586098.5905926088
899473,898867.3797692417
1288505,1267951.3057948053
1277291,1297629.883286556
1352200,1376796.2753108696
952896,975037.8861182743
1711301,1710658.5889891526
1189070,1243535.511584941
1776284,1791448.1198638612
1126698,1095611.3339269117
1899242,1929330.285211041
1924039,1934648.9683196247
1233453,1246970.106677071
1124445,1118764.5501893833
1360343,1372090.148446593
1203387,1160530.512175591
1186700,1161012.6864057987
1391840,1404828.5085368578
1423517,1416611.2612771965
937969,947909.2284664339
1609086,1596202.44541029
550919,531433.9233401242
1739636,1738965.226825373
1669576,1672471.1826389458
1648494,1627931.145980961
1391687,1372068.1282821915
1160605,1160729.4817267004
1103193,1088744.8208011552
854703,844672.9829367909
1200427,1181937.0967421366
1490557,1461149.8432305194
1122933,1136815.8598100161
1766598,1758366.6299202298
1440576,1456313.0611798197
1738018,1717987.4206384637
1256305,1269969.2811437356
1483805,1487461.8164769209
1516141,1514767.574868953
1449224,1462396.1176942934
1691536,1713800.3622331044
1228326,1227578.6676756528
1361455,1355734.0503646408
1152259,1144190.5568400521
1481749,1475883.629038634
1327621,1340590.7020311991
650231,668836.8589436369
1538581,1536072.0172912357
1583308,1566792.7260918785
1789785,1773560.2457496359
1516346,1497708.888930429
1096510,1066427.833241018
1615832,1606540.892753121
1967657,1947126.285858475
1496804,1499714.672289335
1019729,1024438.8593406637
1673675,1671162.3794248833
1227476,1270168.3043262227
1494779,1504177.7806720894
759377,800053.5940012458
872973,866792.4973514577
1469457,1472150.6527481405
1176223,1181486.7509767858
969583,941935.3975197445
1176402,1230633.0634633643
1234259,1229677.1756415968
757908,800009.5501954247
1967345,1889824.598223415
946238,936088.3526653444
1524347,1519843.3334451902
1532014,1496508.5063158374
1005298,1021052.9887511864
1883963,1876528.6887679482
1007158,1014093.1723474214
1707514,1740849.646610083
1255728,1248819.9330244104
1495492,1514374.708284984
1068011,1077169.5989782198
934950,928056.4904087754
1681575,1687811.422963028
1591048,1590427.5373913867
1497134,1487433.376869289
1350245,1315502.9455534283
1239493,1234232.6132680362
1729052,1672229.8983005222
957497,945567.5233820613
850191,850048.711264919
1882019,1862076.4281096705
1206377,1223717.6073378932
840253,859726.2807073018
1469264,1493966.2943652368
1222290,1205765.362080605
1610675,1609685.6269121342
1281565,1271468.4828058989
1597335,1592571.6817908823
2193037,2167971.2607010445
1087989,1079710.5934132354
2162903,2164668.7913300903
997053,978441.6175240015
1242985,1243183.7972518175
1518810,1538368.650969487
774578,764622.6137660398
1638451,1643757.0946249112
1732269,1764741.1597617408
1446023,1444892.146554879
1480853,1470227.021880143
1883450,1878917.8158364752
1168328,1139247.1868200724
1997185,1987746.428815459
720572,714895.6210364741
1274321,1236145.4328416158
1172710,1172068.2485812355
826098,814120.458274072
1944630,1953751.7135275481
1125970,1090882.8609929134
1550070,1555500.7580514022
1664076,1675753.7658790601
942356,925723.2842349391
2098754,2117870.51877918
1319242,1282589.0301360034
1765246,1755410.9788115907
866653,890359.3105465652
1605096,1592553.995758989
983332,989963.0036857849
1737152,1759397.8894833212
1536844,1523239.0712639412
1706563,1674441.5453292911
1696598,1714182.798342395
2101752,2061325.042431767
646448,656624.5239918937
1405829,1387943.718519623
1133475,1146645.3816760003
1598764,1619059.5272656693
544958,523394.524586177
887536,861030.6703728131
1209715,1206817.3609343357
1740016,1720867.300715614
1057352,1056823.580462439
946732,950447.7694168668
1519442,1499977.6501386852
581960,603522.9015243129
1713838,1727879.0907005903
1068577,1058373.60847719
1077423,1061839.704249284
1039425,1008434.1483822922
1827360,1814945.1101197246
2068848,2045014.7646293044
1317022,1304092.392684001
1243163,1227615.5331686295
785617,802998.8187405434
1574164,1565769.549193408
1158472,1149704.3405565997
780090,781317.5358432913
1379450,1358048.4180245462
939412,915317.695347079
1504395,1519217.689668607
1704143,1688306.5593628536
1001846,1014691.2696237039
1010399,1032151.3616392133
1519567,1496978.006003409
618078,648118.4560525008
1370939,1363944.7289470746
812050,819060.0297463039
1516926,1482128.8977391336
1136559,1134117.2834438866
1794927,1782100.8771235447
1632946,1633224.7180031578
1133631,1122161.6094243869
2151723,2128590.0155601176
1437563,1438399.1468823487
1225723,1232062.8489301775
1388491,1369234.504029499
983171,1019115.5894084688
1433712,1465432.7022338682
1192293,1192703.196977779
943860,942902.5094144202
1129100,1142400.6639842656
1266117,1242068.6041840592
865242,842168.5718791481
1867420,1880209.8327295359
1102795,1100579.6837025979
1588461,1591016.8121437337
941470,958426.1802743941
1923495,1934885.5261624996
1158596,1193380.2637047216
1731050,1729120.2575848945
704179,688775.4500899017
1342560,1374097.284110162
1603628,1581443.4537762112
957875,951815.3081446119
1310357,1305265.3041127203
741472,730020.8217472382
900742,884720.0664679604
1225732,1209750.3496126276
775072,760242.9487784475
1654845,1688309.2188048263
751157,748334.9850856179
1558830,1530467.8734055315
942600,943846.7935499712
1362309,1359057.0247784455
1111939,1125510.7239822971
1189921,1190007.5529727591
1631094,1636093.2714892784
1076435,1065129.7701748656
1461438,1451030.9191728448
1307738,1340161.9091909113
1221556,1225179.676936568
967806,1006660.0786203975
1219567,1270356.2862875815
1296719,1283990.677836268
1274525,1308475.8798782106
793650,806010.8437087203
891596,910035.1477733268
1470855,1484287.6128367076
1860781,1847017.5099280279
1603140,1581180.5826677782
1466142,1468261.530844796
1694340,1718807.608118521
858079,849161.0577994158
1467451,1463962.3813653137
704920,725687.3859373016
1271591,1255868.6972219914
1446294,1482470.7622208358
1691069,1676151.8786688384
536265,547892.7295095512
1767711,1772818.896794647
735527,731135.5470531584
910134,914367.3789201704
1496103,1505112.847690699
1167739,1143657.2508630827
2039470,2051779.3264761888
1195851,1182256.9069580622
1837352,1843070.2209396882
1497507,1458450.136318789
1095609,1115845.6993884973
1312314,1330265.9142698066
1542522,1542110.1818516655
1359990,1368158.0025730364
2180419,2142456.513165757
1410736,1405384.226823006
1140689,1121621.2044438205
970510,978187.0800545639
558092,563651.1776002494
701938,695592.0157231276
1531161,1517807.6131350484
1082998,1064972.7133769938
1805337,1808305.9708361754
1627345,1634788.0369306125
1193514,1196767.9655674247
1690073,1675347.3694093276
1193794,1200676.1074144712
998969,992400.1161086536
766828,763360.9219407582
1824899,1812655.8244711263
1481670,1464430.9508928128
629525,660169.1823777914
1696984,1708329.763402629
1287641,1302896.2125170068
953151,932581.7128132047
1859629,1839621.9030149844
1760348,1747470.6545624952
1842850,1848707.3634340994
1244011,1242365.5618451145
1137740,1152973.8127922413
1352400,1383899.8650400732
1541258,1552359.9020272293
697681,705910.9349679318
581409,589390.0571429352
984881,951953.8964855956
1528341,1505687.13274721
1532939,1521451.1552347664
1604903,1552280.6079522688
1425593,1450505.1899000828
1806739,1811836.557353532
1857313,1854309.0969636044
1059847,1051352.8632039926
1367113,1363732.5967879035
1190992,1197068.6946286475
994725,1002918.9983076351
977052,989123.1614493565
1525874,1512001.950414311
1288242,1293941.5555199268
1699414,1719288.4877003015
1990622,1954855.1118634315
947191,957680.8084156421
1605184,1604197.3594002977
953616,952961.4471288461
1533191,1547105.8094114147
996927,1011584.8625650111
1562007,1542324.0475084803
748416,765563.2345847589
1911614,1912357.805048439
836084,881497.6407186424
1069890,1095097.9651424398
1113144,1112762.0872733921
1103474,1110412.6588413161
1851149,1851458.7480806345
844039,851567.901471066
1096993,1073321.6964566007
1479009,1473785.219588839
870530,881068.7167298415
1261986,1243907.6058489839
1124520,1104970.2197515934
1096343,1100728.7867729093
1319776,1289814.2109841134
1939877,1923186.7384586593
1564786,1559956.4226089993
742848,749420.2787217832
1252162,1246800.92119342
977653,972029.7152057596
1172686,1193261.0665767791
1957213,1950361.970679075
1159500,1204638.9016156467
1281815,1303531.5854151777
1359780,1367117.4864458723
1045981,1053692.7580973161
1229105,1261924.1581256327
1254097,1243075.992784153
1264394,1275493.536986428
1373521,1381373.010940318
647395,633018.2646357862
698551,700385.5786249647
1904057,1895644.133347303
1251467,1268053.3744036832
1079606,1064476.265261117
1525809,1518712.74294693
1465847,1476068.278644518
854053,855418.3513177051
2319524,2311254.513034605
1516038,1525075.3418383587
1424860,1395104.0640028676
978909,986216.4254537682
1936239,1938922.5947197156
864375,851442.8713001534
2011265,2012134.3187172387
1081114,1067907.6989402655
1165595,1173016.5669286514
1991189,1995524.8226260527
2427822,2383546.173663577
1016135,1001675.1856790067
1592787,1593915.9616573954
1319842,1290602.9531107491
1224807,1250051.0805921725
840922,870298.4175883963
1143051,1108755.0127843625
1581676,1579140.818203303
2059226,2051478.2652932215
1532137,1491492.056929046
1082865,1105225.5958020715
1055095,1067387.3915057953
1184556,1218969.09171024
782135,785420.302355182
981829,972669.0719055367
682894,683771.2030993648
1272684,1265694.7252537021
772647,770499.3076281239
1444968,1469292.1949386494
1201874,1204225.127251705
1491785,1485459.7031203003
1428157,1436126.871447428
1384312,1383070.657158403
1002860,975996.9021871971
971388,975142.6067186334
968078,965164.3472367297
1780102,1779971.4701976476
1641621,1656106.468791349
800009,808168.7489869522
827600,819313.9806710964
1742235,1695712.1619706142
1050990,1052619.4077707888
1971653,1972404.874258431
1139512,1115647.6408495938
1417084,1456562.2695871708
1397676,1440492.1665668634
1523421,1515298.5986510867
795175,792968.2789518388
710604,719657.3847661755
1614665,1607978.5360035137
1566552,1559809.5991131838
2077952,2087783.306372539
1142315,1142111.2321950402
1575776,1551903.743943331
1372324,1379725.3391940908
1862280,1870178.8097843742
1838629,1867515.2401187501
1742180,1781839.627055426
812245,831616.8803658575
705432,719942.8771031116
992350,967011.1890181339
1291235,1265437.6438200576
1250541,1216820.606583695
2250469,2230782.5407006787
1183887,1152721.630083265
715326,719639.7768449746
1404399,1412510.8650263695
1046587,1022016.3800871787
1231423,1234514.045912263
1332893,1324798.6402506875
880056,846938.251760527
829423,834305.1136938722
1324803,1332876.1566508403
1684386,1693686.619220458
1421766,1373878.9308008363
1921422,1924785.8757355954
1061529,1069741.358116469
1023626,1020455.4407243157
1478483,1485006.2661362174
934636,899655.445921057
1443857,1441406.8935525804
1257893,1259371.615723977
1780825,1791749.508781153
990936,1003819.2096691356
926458,941862.2118386333
1469700,1468058.945115806
1756171,1756425.5037181112
821057,823139.585938306
1106223,1109144.5624045446
732316,738575.0010228533
1357601,1338049.0665858723
1675065,1659963.936430595
1438452,1433082.5464678695
1865318,1878835.2032818953
1484293,1478535.9370395888
1637861,1637163.5076191223
880406,879131.4499329976
1045327,1044052.9137485482
1072572,1073522.0342335268
649451,699785.7395832627
1380925,1374710.237605337
1094048,1108974.5543855198
1304408,1330126.3123986123
301084,324469.97802758723
1500660,1507094.9320125026
695740,691898.7643845037
1237475,1249609.7802510343
1180828,1179568.9110361587
1335370,1340240.2744081826
1300965,1279586.8512077117
952308,956829.5051460698
1144224,1150508.1480285819
1283775,1290431.133176938
916308,914677.6990734756
1968362,1956374.9423141668
1453573,1455067.7968968486
849385,855321.0670226839
1816651,1852282.6806783075
1686683,1632949.3344603656
885773,902550.973261479
1193299,1190095.7034815953
2101807,2079451.139178677
1086268,1115427.968136427
1177923,1156581.148230593
773121,756998.9055988607
1100411,1129199.565435826
1100644,1094014.0482526745
1001177,987974.7411760156
1318579,1334133.8949014929
869165,877482.9669683919
1216017,1205924.7872402277
794061,785111.2619557972
1730119,1741116.8067083145
1371142,1372216.9820703238
1537471,1530702.6368700678
891355,893864.8807570903
1395227,1413897.5513309087
1126732,1121934.6994060185
1732949,1727828.163805329
1827997,1808960.2544957222
852603,828865.3330447618
1981768,1938929.8373458728
1671016,1667842.6899481064
1270600,1242826.5799038562
1751135,1738931.8919978975
1547715,1551158.5618377603
913778,930161.7620022857
1141415,1139996.401197564
1421443,1425598.2138280254
1291052,1271170.4080060595
971321,1015837.060013435
1130970,1128245.845190559
1204989,1173162.4818791046
1042842,1040103.0158358421
921498,901953.4221571524
1146418,1155843.8501686843
583555,606838.4811939003
1827884,1850170.3232509485
1225010,1215826.5213395848
784466,773918.9874819162
1239540,1263021.4062051694
633690,649198.4635997583
1533216,1539656.8589407643
1391353,1389060.762529858
1074502,1077479.9962170683
1183653,1188163.2889158018
1047694,1060716.5848394674
1423727,1396177.8670776908
1614007,1592168.6469301947
1031037,1018462.9903814704
1342220,1348157.3598268272
1664110,1651948.5962205008
1440899,1436990.549828664
1019942,1034431.2238249651
977759,964763.3903524032
635366,644837.347051113
1565092,1580960.6809988117
1915085,1923814.3897906512
1117910,1104767.1726356505
1393812,1392392.9710918772
1875706,1857596.602939066
958898,976360.9100486053
1016671,1034675.0840480572
1632395,1610784.643834024
882560,895963.4525299292
1575269,1579613.1994266221
802025,809736.0304920839
1120981,1116755.0191410736
1727947,1748283.4736118293
1514659,1523815.812664347
1742838,1756419.2139654441
771105,772759.6149433644
1112913,1120074.5770523036
879829,876003.3272787596
728403,738791.5555970236
896269,899553.6211240396
1470321,1493229.906218213
1388120,1365210.5762909604
1003873,983859.563199379
602352,605083.4871946954
1043232,1038412.0104055594
668744,666831.2477255984
893549,896177.14609214
1759901,1781458.855569754
1149685,1153162.51064132
1717888,1737996.5972632964
1270628,1230562.0582363966
1280570,1297951.3187556902
1436309,1462414.3583448594
1269675,1282860.9340108973
644556,642431.6446093916
924841,938979.867239821
964836,971285.7692594057
1442785,1420294.4813056584
1209004,1214231.5824275645
2240168,2216437.189573096
1156608,1149863.7059130915
1184376,1171903.6412631816
831933,831114.6970889372
1839232,1850454.9204321434
846361,835443.430186598
1494265,1506204.1660412396
775836,791535.7839853306
1492425,1517920.4827258047
1380783,1342937.3945694438
1411154,1402131.06145091
769348,802230.8309081686
1875349,1875951.5548764446
1357749,1354705.7812930546
930282,939445.4679617469
2156023,2149595.142528448
1585174,1600877.0200382587
709230,713870.7686259733
1225836,1214163.3838915217
1585368,1611330.59649327
1098707,1104031.924150559
1558800,1561853.5739082717
985215,979161.0464945008
1323109,1305796.471351157
805936,809153.9512843367
978682,984389.9243834381
1498474,1499592.6175850146
1227807,1250354.5907728467
1549113,1570850.0373054587
1402016,1399282.9068266707
973175,964533.2736438385
1749187,1765851.2092964405
1514782,1534833.3248616678
1198505,1205550.907255055
1106166,1109195.9791169057
1174027,1165273.3033605458
1067779,1067688.6936364477
926317,898288.1071585097
1399965,1398478.4491214647
1436325,1465137.3369862633
1017762,1006442.275909963
794243,797940.9813168277
1614576,1639388.0287914586
826710,859682.3548410014
1136066,1147104.3789967592
1648145,1668864.4404487254
1579427,1601434.9329538525
1732547,1735689.5998980163
1468117,1471559.7712837434
1254468,1251815.751541447
1049990,1046359.6008887579
1595136,1612240.5602569818
764737,753492.1428976667
1739999,1749159.027355398
1509446,1517151.4855906002
1373266,1353015.568298096
1599601,1578951.738472415
1983871,1957030.9021172593
1332544,1352000.8277381335
1054761,1062056.1151446176
1316149,1336424.2052191782
1092494,1124271.3573351814
1172211,1185955.414349965
970740,1013855.8663086832
1599965,1612514.3574919752
731382,732918.4862049803
1566467,1564974.8757770462
1336542,1331123.0985413897
1774220,1788614.7792484227
1377488,1371295.948065103
674381,697304.0306450735
726211,701221.0566577156
1321210,1348223.435706621
1322961,1309880.5298775157
1281808,1285471.0825387978
902955,924653.9252643904
1320663,1281848.8741912197
1548509,1542371.5837468028
1451075,1464440.4966851145
917667,917182.0131800169
949230,913251.7755080658
1356411,1370437.6655915482
1341082,1324224.0127207127
1438534,1431735.616685803
2234479,2172650.393622294
2095996,2079253.6014334965
1469863,1483995.7886223302
735299,716640.7418610685
1687661,1674800.9282770513
1818153,1812428.013017963
993549,1025709.0890883596
1060613,1037888.2708113102
1339069,1330724.4069319293
1247571,1237036.2240118652
1050437,1050890.3156968546
866339,887741.3139017642
1552166,1500550.636141677
1664058,1637423.3437213744
1480558,1493543.3612339804
1292888,1303263.411715308
2444900,2443275.611829508
2250691,2221734.385258929
1005104,1042139.6993679695
1507983,1452668.411618732
904183,898734.3151440328
1066213,1088970.7437196386
722006,739120.9970765839
925015,969330.0585814962
681065,660547.2571365576
907774,904248.4231821768
1184710,1198318.2581493824
704592,705493.7109472641
1466935,1460193.4618945194
1722660,1730086.5002048668
601734,589119.8254518477
1369197,1369316.4684373108
1603604,1611309.4691220026
989980,1008268.2808277758
1480931,1497136.409259831
1487608,1509074.996830578
1293931,1286937.1852135402
1496461,1516934.2578459845
1135494,1132467.4046142856
1881573,1868711.5653680253
925916,893845.4001817857
858580,861660.843950984
1651239,1660240.7631915978
1442103,1459214.1539338843
531483,537885.5842066156
1416245,1418186.7669143158
1173968,1191741.0543134226
1387819,1387532.5908607333
1493781,1498010.0986966465
1263833,1272641.8685253896
1566402,1538553.4757001572
1153222,1177697.3307664623
1459552,1462810.5675476443
569894,585218.9744749467
1638737,1630271.020990701
1197271,1198644.8487730387
1569216,1575630.2135692968
1029839,1040969.8692931546
729741,723809.1092615286
755459,755323.388424867
1717828,1715504.7093710473
1177033,1185595.7492347471
1629766,1607137.496486961
821833,799960.6395750963
1506283,1490034.2364536305
1822170,1798204.6230939894
982491,952734.4301419313
1665573,1663267.1542619003
1739460,1749679.0163048431
981629,972326.2027502073
1250790,1227615.5180799519
958666,962127.4277947065
1447712,1449879.661088755
1241703,1255283.3833120994
1519978,1507582.4852750627
622581,635692.3047873965
1264357,1268537.24710536
1122447,1129604.7011224998
2139425,2137168.559660537
1663148,1657607.2733142106
680813,672033.4485285177
876964,890850.981159916
1351100,1341163.295796145
1063664,1065346.4611969248
2097115,2106904.210435398
1697435,1703879.910051921
1459415,1446891.945965223
2084219,2057082.7795315885
1383826,1388287.0838570732
1125519,1094574.654713651
1132935,1133492.916370682
1020945,1039323.5353574653
1848979,1859737.2877601315
489079,482794.81925588835
764595,777757.2200069055
1408815,1414994.3192025595
1245294,1227454.0391333324
1152618,1182435.8498235147
1075813,1118474.5807468595
1190233,1201442.2975774652
1550309,1549970.2257093333
1236502,1219858.4786419866
721960,757806.8110903789
1749554,1768309.931456244
1865460,1881257.6944668395
778043,793945.0657366047
1148176,1138563.8686926896
1984678,1956189.877136649
1694839,1709867.119473767
1299561,1265553.0428873491
1361580,1324647.0509343306
1430806,1436780.2270412063
1153416,1153958.3333050776
1891898,1860072.1061586384
1001332,1012311.2878463949
1484616,1510567.0169813181
1377568,1400439.5249985603
830170,819388.1364123076
819776,851860.6491985808
2435140,2417483.6136831893
800034,782337.5741362486
976743,978094.3444622209
857103,860261.687562315
1921666,1878611.6236270436
1230796,1245653.330803495
1159785,1138873.7389873234
1272152,1303689.6400498296
1618413,1606077.6554524787
1797130,1774571.3941144387
1672909,1665403.6916540503
1351178,1333344.8075688253
839357,838166.2316554365
604766,616916.0676125955
1406705,1422557.203676404
1343196,1311173.394254176
1503195,1486209.351879652
1214198,1206355.1948066992
949575,984616.2812699995
1169997,1192152.4533070014
1737072,1734478.5481876018
1599250,1595881.2430301285
1589298,1611398.6960521687
1733524,1697067.9899185447
1107740,1089827.653237712
1460172,1470274.0859033682
1210516,1218309.0979348135
867453,889525.5391916584
840659,819499.3431622023
967686,984483.4266119925
1181604,1197132.4925588856
1463878,1460691.2911535914
2089320,2089336.1242095355
1138548,1147187.458569846
1547620,1524855.2608702315
1136493,1093568.3221750094
1709901,1696961.2182623534
1268767,1240428.6445310996
942944,965779.7184772862
1680938,1679753.5467803418
1544209,1525697.3124937217
1499477,1508869.782548414
1349998,1358461.8577480793
1481081,1517433.128536187
1796507,1810800.3892772116
1860713,1867330.156023618
1012255,1007463.543522153
1521006,1483334.3904710996
1549450,1543613.7823861772
1250491,1241847.0176477167
1661890,1627316.9951851391
1901517,1905921.868177736
1037203,995482.2484707725
1896216,1891605.5367411894
1405389,1406917.9070507402
853383,841448.749405363
1351059,1360304.2523159941
1343574,1358031.3979683176
770899,758004.0736681584
1469516,1470080.5056464577
1192286,1215746.9570906947
1214398,1248818.978329309
1938205,1938601.8773768242
1823676,1846452.5665825298
1367983,1351257.2073483367
1241347,1271425.2124977
1128233,1141443.2400712213
2036197,2034118.902164755
1122889,1130889.738959604
1425814,1407715.5080224038
1045151,1031168.0187332195
934292,910570.9489551304
1546666,1541375.195203799
1609660,1630176.2345835045
1284241,1276811.2918029937
1484294,1488803.0621189505
795901,772239.0031143288
1294975,1252823.400036315
846012,865234.7423520114
1287985,1266957.5155042605
1171891,1175501.5312350849
925143,925650.3072998681
1215471,1208132.2612913088
1435654,1436842.86915761
1401470,1373214.0437986755
1950954,1950150.4650076902
1553678,1567812.9241695097
1231384,1241230.6289330737
1565909,1547324.337629352
1950434,1957704.038327346
1885910,1921989.3452696
1362537,1378861.164948145
331102,356723.5030522354
1026576,997286.3355414732
1473159,1476059.95478889
1488422,1494943.4418773483
1980445,1999784.3159040713
1313096,1310254.8133038664
1147955,1169649.9679846002
1576075,1597841.5049534417
983471,980581.5007445358
1528931,1548323.0571248797
1098647,1115600.986121918
1847305,1841010.2215229566
1787561,1787325.851770197
1517897,1529011.0704243027
928931,895923.1259852794
985689,969968.6683702935
2142825,2120555.5766072273
1046637,1065617.2720058195
1003761,996181.4941961736
881497,869778.6640934754
866086,887916.0686779192
1845759,1840379.8092516682
857595,836226.6252871458
1869158,1881389.7613507172
1652644,1661111.650700003
1041422,1047238.7798298473
1202948,1198438.7896814612
783477,780499.1550117158
1070130,1096437.171467768
1156210,1174647.0755193832
1221304,1193692.3089086555
1391778,1387024.6951881151
1423142,1429892.9208975409
1284234,1305627.3936636667
946576,929553.4074371513
1245566,1231489.942613979
1600704,1631291.0759437792
1718777,1698277.285510484
1178220,1180551.8968984878
1527035,1532730.0324666966
1710425,1687797.742548287
1258074,1282695.7074696843
885970,876730.9296966962
1447292,1443886.1968655952
1090043,1065604.7810471288
1375349,1382358.0347049688
1570742,1566881.0957061162
813000,800280.9619858699
1466834,1437493.2180391096
1535408,1561153.447559788
1130510,1164962.2663625197
836036,829056.6253917749
1625339,1639920.5723479395
1575647,1556640.751146063
1506524,1493199.0868886756
1618622,1618491.5389031998
1461525,1446330.7403147735
936304,935748.3343376943
897950,955614.0341245444
1027209,1052212.6815084133
1281981,1302113.216992279
1015954,1031089.9766532986
1372067,1373512.0849559729
975650,992753.7537584603
797330,784898.2615207519
1679077,1686420.477302512
1251843,1229786.3954879777
1362029,1346457.3177353865
1672725,1678181.0524265596
1607105,1598593.359473337
1134998,1157946.4793704588
1816894,1814896.4687142468
1326633,1327360.363921932
1711712,1700777.0781787098
505424,535406.1959347381
1559910,1557335.187883833
1429333,1444535.3438211645
1031544,1058687.7332147562
1815284,1825530.1324751824
1045820,1065443.0639209512
853653,873345.5547429062
1605058,1594970.5100099596
1759317,1741864.2074787808
1541939,1560555.377661796
1040887,1066603.15676801
1606161,1614818.7472160347
1427765,1415415.8852000926
1285444,1298531.9377592618
651904,665001.0162506548
1446916,1435582.583703473
1679727,1672238.5690472645
1308584,1309936.9250658036
1263775,1277299.6236620098
1520808,1551966.4120248656
781866,770002.8184707221
1263847,1312009.2499425868
1044088,1047424.1452410492
2012028,2011545.4950961878
1630241,1648214.082098271
1441397,1457696.7864901081
1613361,1642069.6381783793
2041995,2046891.1374786056
968848,982999.4744222015
1255801,1260309.7894827183
1573804,1550963.7764723261
1702652,1681828.6158657635
927623,964751.613158025
1748893,1738567.1370335156
1080140,1108796.6076781359
2172319,2140075.999592308
1853309,1887246.0518649905
1845384,1842082.2395282774
1715857,1725314.6365052925
770991,773577.8918625565
1010205,996202.2192611253
926134,910859.8666027127
1380638,1365488.5122530754
1335072,1364198.4083965924
1495077,1515733.5017725774
1117694,1081771.5383942765
1164854,1160254.8018553252
975386,957652.7603353349
1311792,1318064.9033373487
1754606,1770035.7338986234
816443,810677.3038102118
1284006,1289944.679335372
1027488,1014599.4092403749
1366106,1352773.4517978213
1152618,1180100.8310761154
1379565,1364642.3226872492
1678907,1651952.960032791
1927853,1906295.206394696
2041808,2015942.2657266546
664264,685113.4850248045
628667,650459.9167292509
1147925,1151280.8717778947
872002,856664.2822418499
1038164,1049904.0993011747
1579671,1581750.580677962
1854930,1846138.653894951
2080921,2027052.3836992073
1262906,1251189.9944520546
1963355,1982803.3201614548
1116322,1152220.2668912373
784470,793136.7633055149
912092,942828.6807261448
712451,713117.0332501286
1338292,1322142.9026307522
1640562,1617571.757608325
1421908,1397340.99868531
1175229,1179125.5553685927
1068946,1054240.7173743404
1406444,1395952.9166964903
1110203,1093695.0768832664
1511137,1517970.5743761335
1067888,1072496.4682527282
1210339,1205155.9081995154
1436536,1432537.20574596
1773248,1765792.4406563565
1518899,1510652.0287259768
898459,868818.4193508091
1488248,1486200.0349902534
924752,934071.719894112
1477720,1440982.0106972547
1853323,1880677.803494691
960341,941104.9040261798
1424471,1427464.5698777314
1346800,1359897.5558466113
1449541,1423565.921856042
1715225,1732547.4233848914
1259429,1270662.0937522673
1489126,1485146.240364458
658615,681582.8805297754
1514859,1535093.1449709132
1130608,1135173.142075947
1933698,1932196.2163249839
1470188,1427690.2011317236
697451,710276.6000470686
1098988,1087434.3204545737
1630294,1628845.8366300543
1013340,988635.3898799357
1289611,1273586.8255455752
895924,879308.5631089277
689850,691300.9581825533
1306674,1333419.926646483
1402353,1391236.7705196214
959722,1001631.1695470152
2168860,2139489.856677776
1610303,1574759.377223063
1687097,1679614.1004909733
1082115,1107283.6889584132
1248545,1258411.776243943
755474,753331.4131394129
1289210,1289054.7399539675
1004702,976793.2826339909
721230,716181.3633168441
1583214,1573785.254176304
1152363,1166970.171368521
1513499,1493891.6378635159
1486948,1498165.3905762916
1130128,1090356.8449513353
1470122,1488288.4822099719
1287911,1295268.8855308434
1444227,1431431.0520248408
1000441,992310.2646503204
1169017,1188751.757626483
1516462,1511934.9521953412
1443592,1466995.624289897
1857899,1872125.6031286928
1658905,1655020.84240484
805271,824672.7014572646
1676642,1673422.0776272574
810224,781386.4858094737
1002772,1015577.0764028134
1507832,1490230.9943388505
1485472,1494489.0419817849
1008682,1022124.8816051639
913073,905750.3364235574
1309061,1273895.5878424495
1106457,1137181.4515737318
1276800,1263646.1414159583
844986,852467.5927257045
1222524,1277957.1096987869
713603,738667.2429966448
1601208,1588706.1461166842
839056,866407.6397885071
971716,929806.8358924598
841145,832343.0720346108
759938,766896.258946499
1636444,1638530.217819295
1650703,1662985.4735799306
1391140,1406639.0647263138
1961633,1947518.1848107767
456276,494226.5980175927
1488440,1467433.2897886082
1073935,1086159.5939696108
1599784,1560370.0132438676
954119,941560.5212762452
1559624,1576619.2753383804
1136276,1143548.6163790703
2200069,2199860.71040467
1815558,1846610.2741523753
1280018,1239743.5966100097
1013539,1012458.6358848752
1301814,1292292.6943383245
1636415,1630334.0534566112
876561,893750.7132187131
1586841,1590820.4937242095
1132159,1123614.179284712
886511,854280.8587888634
1632298,1665831.7439566136
1555369,1561947.9458810599
1491761,1474379.3138318711
1317625,1335141.103271613
2177822,2128549.180610971
1349538,1346639.8661867317
1618273,1600092.302295008
1156411,1144797.2260696052
1707537,1716346.7332267193
1193158,1179080.2855737319
1853269,1864874.1054542833
1453190,1466017.9725066111
781032,802255.6205603201
1443643,1423107.4606855568
1743470,1757647.5490627245
1739775,1745133.0083169583
1093893,1119445.4761241851
1925981,1898555.416901981
1035739,989954.4298287039
1172168,1176718.3598718
961029,961207.5962036866
1762716,1731426.1804070992
1889749,1874322.8151879027
1404748,1384828.9189150701
1710009,1727468.769111034
890724,902783.2535238969
1411359,1382993.182097764
1050994,1055495.3572186637
930065,915450.9686244224
871477,907070.5794315031
1369125,1371825.579916029
1439953,1416166.8376808467
1205641,1191974.0695620128
1368687,1403026.5278383645
1105801,1133964.9661731797
1593590,1588210.5699548097
1569857,1571999.4440359243
1386923,1385116.0427941228
1542357,1511432.4615785514
839952,823452.9045715991
848291,875055.9599199302
1166535,1187235.9113319903
745070,720811.1082754548
967365,952468.2638706804
1390794,1418815.9381543936
1568222,1563507.582237312
2119973,2121119.036876102
2249481,2225024.3657520367
1455313,1462982.5135863314
485937,466117.9678428083
633822,637298.8133191884
1557480,1548520.644798268
1477242,1451929.603031452
1232788,1228515.3162496672
1018814,984859.1499561241
1633162,1647628.8232390895
680930,704059.3499294636
1544603,1501696.24800695
1355154,1349610.545069696
1203505,1209443.2619160097
1117505,1116378.0832658163
868453,835052.5328725299
1112567,1121393.4727365412
899529,889432.4032474561
1002228,1016580.8396507881
1211465,1186486.4970688308
1064447,1068972.08434514
1730898,1754671.514511873
1169673,1166966.2426593476
1887616,1879793.1189132978
849947,840157.021873562
484746,519049.0027227712
1338222,1339940.9976351964
1560464,1556906.3155420774
1795060,1848103.8530047778
888213,879147.9027934481
1354014,1352021.8582423285
1342175,1338894.8480541904
1308850,1329132.824276092
1552388,1535968.7088696125
1542013,1554255.3641492396
1404833,1412800.8118418127
1416267,1421521.121826233
1193419,1187222.8347286102
1289732,1271450.1311241754
1127169,1159002.5872104145
1500117,1545080.8209861363
811180,809534.7642550627
1490181,1468188.2824533877
1670869,1661539.1850203732
1231396,1245576.249747921
1575219,1567104.5083360956
1018516,1035546.4617658131
1522153,1508986.07898248
1107969,1110650.2179527406
709141,698996.4701026523
1437953,1426965.768031839
1259072,1246761.4041545894
1421023,1407921.4521184994
1095663,1083719.9898852436
1591042,1594159.1529207868
1199468,1187661.9172265453
969935,949334.8518603017
1581553,1553454.0501764175
1251203,1245282.6647928413
1826902,1828521.2628539852
1461889,1461566.579506599
1171892,1202881.213956552
1130777,1144667.6244766964
1595335,1633118.1188724302
1935130,1881682.598092538
1450658,1491061.5127945896
659603,659168.8126420795
1323188,1309518.0364860964
1061186,1048670.992832194
984860,991808.4977155031
986146,1010369.907040996
1874412,1854374.0919428004
870962,824754.926408899
1862183,1866950.9632414018
1038762,1080624.4185124019
1696565,1683864.6930624456
1378886,1376178.8162776118
1054859,1103916.2047171704
1575947,1598782.5031106244
1339007,1319663.8332652133
1081246,1104081.4112967663
1661345,1651531.928994461
1292357,1293885.3421757654
1458860,1451719.1436816812
1439993,1445458.8769555122
1143387,1154389.8163010702
1074913,1069055.0917932456
981859,976820.1238265919
735690,738953.4940097292
1099342,1150294.2433267923
1238717,1249610.7187191038
1217975,1242901.9652552104
1294640,1322556.1099666415
1064203,1048499.3203062773
1107316,1099089.0004896396
1846459,1846392.7477548122
1394131,1391484.0645423639
1281192,1291652.9841032787
1002605,1019750.0200207409
1612132,1600939.8025882933
1705865,1715849.1181771837
941156,951620.5977033532
1332455,1339152.4216600854
1635767,1626977.9249566474
1148162,1174142.7405905311
1396792,1386385.5533614904
1339059,1350818.7951311178
946448,934227.9312155355
1146799,1177564.965697841
1032813,1038075.4668674158
1380161,1397138.235681489
1393880,1365136.6442865513
1333460,1313916.2094821874
1396720,1398305.132709831
1470183,1424425.129429812
1442721,1431953.9642242503
1211496,1211474.2477127614
934931,930857.163441977
1017876,1023688.4640566395
1629486,1606708.8736585805
1536754,1543958.983803399
831570,857028.9127618682
1791867,1766552.9373648711
1094894,1086214.0091748752
1679828,1689861.6566487
1257160,1268823.819551545
1245663,1250229.7062168734
1246913,1245250.963478302
1429432,1425362.2887364132
993057,1000324.7171838598
778197,773440.3262563356
901504,917084.7290926594
1715849,1723590.7075810998
922884,914985.0977113042
2282312,2220448.786637347
1333826,1309134.8052369715
744017,729510.9625078898
1191344,1208893.8433984793
1270900,1275613.2069705038
1507676,1516575.5479425227
1431180,1412948.615001922
1565813,1535335.060061611
1197081,1204991.610799836
1572782,1594801.9188693464
929484,934237.302027643
1789454,1785534.289559984
1504690,1520995.2035944557
1339799,1348084.8003874496
1176338,1188929.3754947416
1919142,1883134.3424454418
1274007,1278572.360819043
1732198,1743969.8189148721
1487657,1501751.1405493557
1349693,1365089.3158490262
1820681,1827722.0118871755
1073594,1068839.2462744461
1094466,1112155.5717098622
1494618,1553526.4875562643
1673686,1662666.6893464322
1245620,1243127.9998861125
1444949,1479683.6380452076
1537283,1539113.2841036695
997218,1020559.4609738215
1502342,1502847.3563444929
1190842,1202190.5536461738
1150663,1127241.8093262322
506387,540763.7740879336
1770450,1740773.8212792655
1505200,1510164.293937837
1211435,1210423.0120919568
1160576,1143622.4869945978
659151,672837.2901310904
861823,864010.1467769059
1913437,1905153.8351297786
1074658,1071018.4101920086
1523471,1515987.7386916657
1335278,1334638.5865209447
949695,937287.5256623973
558161,559847.613849096
896134,912441.5142306885
1537311,1520533.8383922433
1397089,1394793.0110410089
1704850,1705944.2747140639
1032363,1021175.9720841947
1736720,1703029.1300129667
1213616,1242530.6727427167
731692,740605.6337103306
1399887,1412404.5444415596
1538862,1522364.3292741287
1531475,1563333.8358057325
702293,721118.0567256965
1158180,1115029.5581952957
1306765,1309865.0399598535
2102444,2095470.5843129694
1406824,1423238.0291850353
1353003,1355846.1252784354
863888,838824.9880444396
1331559,1325321.0327994379
1779159,1765803.8618675105
2082999,2078487.45732743
2027116,1988319.2004931816
1691313,1669026.4288399369
1031610,1031417.6797077976
1429808,1444471.8659407601
830117,821097.1254157719
922354,895725.7240446885
1043984,1045395.0171192907
1473770,1478208.2570194309
316465,344493.97027671745
1281319,1270342.3915041331
1211748,1258151.943483385
1361544,1362962.011950903
1647898,1635702.165840779
1763829,1774671.1726253466
1619754,1613124.7875838096
666598,705136.4448522946
1214983,1182677.6034826962
798801,805562.9915321826
1250810,1248457.1797288177
1956961,1975682.8804830343
810119,829317.8701085702
1302501,1324433.035063507
1081189,1083634.3484062525
955919,958594.2729938085
1349987,1355404.316439152
1325939,1335598.086275924
1242099,1267688.6488445615
1462400,1467062.6874659348
1132059,1145622.959630674
811000,835924.4769101193
598526,630084.1167075677
1267458,1288536.517424098
1400830,1417370.3461469007
1226732,1238606.5092762718
1781197,1787571.0343971858
1567150,1559289.4648095246
1366320,1355045.903603282
1066950,1074320.6221050364
1188427,1171863.2907474402
959068,943208.6930819977
1436846,1435531.3965796991
962989,941276.888690373
1361209,1370145.776143397
1355254,1319273.8406133098
1748869,1718966.8539400455
1952368,1958604.1410939663
1720973,1690632.3439583178
1147459,1157446.6954115757
2137421,2117015.816543144
812010,830335.004321043
1475058,1445363.0331498792
940194,920454.5633095081
1764103,1780838.806526979
2099161,2073463.157992465
1429064,1416033.7249661083
2427290,2415947.4697646326
1183011,1160130.3909424047
869546,858124.736989304
1567126,1574558.0795670394
1337822,1359345.8516606467
1347324,1328485.0782216045
1588417,1602636.8903315451
991399,1019753.2466165951
1046600,1047402.7274964715
1355065,1341240.327374827
1084235,1085360.3702567378
1351857,1326924.7606075008
733796,745284.0206049919
1698093,1701230.175062401
1639791,1627489.8593430065
1665121,1683517.0792387696
1613882,1605416.7198556853
1670246,1686639.1547725876
1383061,1382386.0304796684
1607718,1605948.0922332113
1103782,1117425.265741141
1945067,1919275.1642757594
993072,986366.6429202989
1351488,1297040.8962688746
1041981,1061937.5621172783
1482719,1488496.7448474271
1435311,1424181.6278209102
959664,950338.87949905
1137049,1130060.3701733707
1146301,1148851.0595244332
1376594,1371025.4603464908
1555996,1560502.1069555257
1455082,1478750.0078852181
988046,977664.4113148318
786072,787184.1161106783
1326780,1332413.2018646544
1146415,1149748.421384556
974071,978278.7293520919
1589388,1553048.0032388282
1242473,1207492.4492823621
1669793,1643140.0083902609
1043564,1015397.5768910301
395646,411521.4424506035
720539,715267.3457630252
1473692,1496275.74769094
1215336,1226781.1710804808
1704605,1721375.803758838
1379885,1399851.6095930098
1463063,1476985.7007332419
1502299,1503204.687009401
1466269,1491595.656362142
1162960,1165408.1082313152
1032971,1032608.5967953514
1771494,1778857.2273575708
1254111,1269658.7095278972
2121221,2119611.238658447
1362624,1397887.1186019345
1395061,1394052.1251161355
1350469,1368526.2666444029
1382214,1378704.0972659537
1710977,1728533.0312517106
1156214,1154686.797998338
1567601,1583760.4266657482
893042,885466.5156913345
2126779,2083878.525286301
1345268,1323620.0174915602
871606,854418.6181779722
1233970,1224913.9739620376
904881,954563.9429332126
1288138,1293498.5263787662
1053433,1013955.4241449335
1295400,1336027.9552710585
1895665,1910744.8131292672
492609,505843.2966306683
920769,933002.7692014327
843618,820719.8022172839
1378490,1374832.6483417146
1856062,1866449.3817547935
1672741,1667908.9591128102
1082679,1125914.247682587
985476,979671.8922951254
1193782,1192644.5189128772
2056598,2043808.9252557212
1482863,1504752.928929775
1471723,1478471.0064747683
1799003,1820700.875927919
1334892,1340804.6767707404
1172126,1175560.9889836106
938469,901500.3882875801
1961023,1990268.8164173437
1589393,1571936.0165481835
1397794,1417932.6128658531
1382392,1398088.948143509
805016,824563.4579339141
1324862,1353551.078755033
974576,999612.5892916734
1117417,1136194.271764783
2079665,2056037.495106485
1117380,1138798.115015771
1451368,1483133.7918302894
1701935,1706372.1605904708
1401793,1443576.433030247
1548954,1523245.6498705198
1464282,1471033.0712993538
880447,859177.9831057263
1083481,1074840.1014273039
1737688,1743540.6213799557
1414651,1412242.7810795177
1532713,1553228.085329517
1172234,1187373.1077815425
1685900,1682431.0095883876
1732124,1720844.0109677897
1162934,1178846.7117764757
1217796,1213369.0696674993
916306,897233.9925552447
1191345,1193469.1777570182
774270,756210.3751158594
860614,852784.4375468245
1767892,1740571.3508677913
1518818,1508567.1429133327
1564935,1582230.4129632008
1216194,1265678.2922011926
901884,915146.9416713795
1025749,1024982.5611869626
1234402,1232988.7724414591
1534590,1518275.117689619
981563,981200.1256195018
1627551,1589566.7749084362
1995895,1986151.965690535
1665050,1675932.4735162915
1559770,1520301.896602856
914904,925481.7383291589
996513,991460.444116016
1795775,1787339.6370015375
1095226,1092599.5084979797
1077242,1067615.6743173704
1274436,1262091.9812440611
952150,927157.6378280593
1570217,1601543.1539817997
1613010,1627995.9652534237
1605047,1622832.3420137765
886022,878280.276144846
1045327,1049205.1864615513
992109,1031751.0672772953
707708,705640.2969311387
1302696,1260797.1547842645
902695,939584.3997500481
1535436,1519270.808046489
1564002,1587023.9485857703
1456310,1461084.777406382
835749,854017.333503242
1949856,1962928.5353762193
1341489,1352706.5593656083
1985614,1965226.055146102
912798,896102.3262646294
1209890,1210507.3970326728
1062933,1090999.4210816275
1712428,1677172.9050450707
1520874,1543098.9329793116
1105972,1093077.3977784312
756534,769140.8505672778
1441838,1439331.6706145378
1237666,1249738.9840139048
1630501,1661201.8173476756
1128119,1159153.3864200567
549834,574037.3488846612
1077606,1104585.902759754
1131413,1157925.641261929
1028982,1010046.1470677555
1358917,1386387.1662558897
1059319,1033197.5456893862
756576,746513.4964620018
797314,782888.6964454331
1615298,1607283.4718300132
1046813,1050131.9472110246
2060153,2030314.8969731766
526088,488376.53199917683
1596060,1561005.7442986371
1476429,1473438.1694209331
1395151,1376848.3953714482
1105317,1065414.1957846156
1523055,1526242.3217920566
1821525,1800838.5915419892
1281325,1272250.0583275785
1531628,1499363.4315096727
1000279,993674.6492857242
737654,735665.6294347952
1992826,1947952.7385063898
1219467,1206638.0562111598
1109904,1140672.3031525782
1131824,1132308.5053743722
1618641,1626500.6851945594
1646106,1643965.9310567868
2163989,2162518.5073788585
1479640,1492300.9052506303
1841559,1852279.081119143
1744583,1752914.7932428392
1321363,1307395.9415226427
1760670,1755603.7162916004
1186262,1180940.1901637
1590728,1552779.9551800636
2022480,2002073.7481478162
1379619,1366588.1986518134
1602258,1603337.9106365961
1057597,1069883.3796593072
1631100,1639212.4893542693
1162834,1164629.680788295
1160856,1190192.192043033
1881630,1833030.3925677254
1134493,1120166.0428451716
1676641,1651522.8172032707
1127155,1108558.187256863
1208227,1226451.8489904294
1532759,1541719.0034644057
1648521,1644312.389956251
1779808,1811928.5139613762
1322609,1310390.768165232
663183,669592.243016488
1767728,1779479.5936698741
1089092,1077010.673326631
1034868,1022743.390786869
924386,898558.8677029602
1616512,1614979.0333842007
1814607,1813119.929502219
2028350,2029966.4315473125
1633625,1638183.120890925
983958,1006901.8257435242
725192,736618.095687097
539847,555892.3532482065
931965,950067.7431532881
664863,673496.061606077
914231,902174.7277670507
1047026,1027226.5305452725
576584,606327.4961185198
923453,913805.852201884
1013783,1030395.9538940047
1354033,1325129.0793769995
1416206,1393763.038421642
928669,904162.5158849775
1407735,1369994.3413759065
2205847,2185876.489403019
900816,915038.7585258392
976624,945744.0417874843
1318447,1320372.3237533427
1326493,1347969.114401455
1409647,1387157.3488757815
608746,630536.8889763398
1732504,1718576.997684758
1670750,1672164.1510022394
950965,974011.5700939494
1080415,1115374.4411082852
1189667,1165439.3700588595
988543,1016908.5696379131
1353639,1304910.4146195971
1849640,1860670.4221957596
2196841,2185814.1018552575
1465573,1464286.2476947322
1116877,1128847.2814178066
1643596,1657992.9180482097
1183732,1169081.2447600358
1562595,1574473.1479264232
1727556,1763482.957094219
2129526,2116155.1195608643
1607064,1592947.675082885
1537922,1581549.0695887732
1245385,1249338.9742136826
799043,785264.672917739
1147806,1126257.737668684
1410029,1417813.406241882
1176497,1188310.1420097898
1960119,1953326.5186042988
1477066,1486472.8441122295
2167228,2166718.7059447323
1289107,1289312.9074739048
1020727,958802.5933647794
1188395,1170879.161551209
1239477,1253631.7932914218
1372036,1374289.4739628586
1100963,1129568.6635104702
1711093,1717460.1386485987
1606247,1573330.2412458367
1318546,1325836.920340749
1433750,1449467.1957886356
1744589,1745001.3106222972
654400,668247.7579754762
1090091,1107181.0270104823
1668127,1647112.995765156
1042157,1045641.8968219566
1590142,1590572.6564368121
1701645,1683636.832343225
1342454,1359613.3315777427
971670,978685.3245871093
1364403,1401873.1132192437
1069266,1046319.314430552
1801551,1805116.0613033816
1795618,1788818.1413048927
912688,893675.518626029
1543496,1571494.9831878268
1299805,1328230.1705638017
1859372,1874663.5143785446
1459452,1477606.8563956325
1515445,1528038.7176913242
868560,891627.8181181592
1522239,1536787.4091195858
1756770,1787821.68345248
1542351,1564712.0909310791
2066283,2075215.8989557216
1436541,1456206.7725904523
2011566,2000011.7432159893
1314642,1305323.8226439666
852469,865284.5872578757
964766,959168.0950575585
1067338,1069380.2416972236
1263394,1276670.3903239013
754256,784574.1988095888
1601538,1589873.2228141408
1361307,1374494.1768947484
1763717,1775945.1009805228
1529440,1543312.3555569022
1386369,1380181.8402112643
1301953,1298426.561926069
1360567,1378638.312743786
1087348,1107215.9661534338
744956,744903.8562902854
1343834,1342567.5308234692
1614969,1596125.3918995212
862685,887051.2365153547
578846,568970.2341447272
1021855,1026459.8563465754
1371036,1365389.9895802157
1552748,1536157.5612145716
1726318,1744855.388529363
1155444,1174191.540671838
1156073,1158927.3237481234
1221656,1210327.421254056
1329936,1305426.2952455995
1069608,1062424.2650834268
1609782,1590690.2835305047
790505,826005.4691701479
1602843,1614654.4242459233
679712,647883.3731864722
763179,766301.5527250695
1338535,1371087.6985700615
1359767,1370775.7695418869
1335794,1310858.3590795186
1202192,1228740.86249312
1128753,1119770.2751996943
1505604,1469278.0731019012
1683720,1693620.3719459646
1615627,1596505.4375358839
1447639,1420074.9081757355
1540469,1546280.334934627
1296706,1267931.761509305
1221516,1218865.9119705998
1123313,1108997.5726455296
1401957,1450835.2915329677
1556592,1584886.191502098
1492948,1480704.075740514
774753,799608.2682468656
1011579,1043024.0036460098
1271307,1273497.9722152317
1042861,1052834.5976896074
1419305,1421410.5164811534
629378,617971.2515542902
1568947,1547698.4286933965
2095235,2057985.994111294
1099622,1124206.5602994226
1118282,1137378.8446888349
948950,948871.6119945082
1734152,1714755.9635885376
889028,826751.1015386989
1484283,1485931.850460465
771546,754457.3150823313
922939,946502.8074697065
1127505,1133469.6445902723
1735212,1723163.3213230558
1324329,1345375.1137193982
774972,779271.1472227377
971824,947179.6189719038
1690630,1715035.2799291313
1756857,1741506.0934957836
2162488,2173772.8656250704
757992,757594.8693165972
1744836,1734231.6161663514
996579,992753.1451827182
1297420,1297164.7706826918
2168523,2162452.39499829
1832754,1809016.770778331
1147235,1149369.7089063209
699097,692200.3294579133
1610766,1593375.282935476
714452,738657.3669101513
916401,918189.1142811326
2178230,2162158.7558983564
1249165,1252630.7483866387
1109589,1116531.7405028278
1628776,1610187.9493152064
1013443,981913.2123185707
1400851,1413506.7905847498
1914054,1909003.5290490836
1438113,1411433.4945037034
1264665,1256893.4833013583
1563884,1555863.9038591115
1621915,1632875.2958352596
1646191,1669119.2579135392
1802552,1769949.2687839223
1274250,1276353.8801136645
860324,858557.2728759903
733997,732441.7615220614
1954530,1939209.546620218
1424039,1447331.3944093352
1017134,1023146.6149970376
2479862,2471238.4101855187
1515999,1521259.8143315795
1567731,1560889.205616729
779090,804283.2386616952
1454433,1475951.328289539
1282292,1263991.7621964451
1009309,1014743.3451023913
804518,826072.1523560974
1147882,1167864.691869521
1659700,1700386.2668949987
1474082,1484655.73313699
1128221,1122983.8373953102
794495,816609.1908539495
1182129,1180268.644412105
795946,786650.7543848018
1054247,1018811.5454480175
1574562,1577748.7041544237
993321,1002796.2498563667
1105949,1099091.894986788
1516956,1520879.4577301284
1763623,1746675.1486550998
907380,908815.8638990761
987718,979967.2305559496
999993,974462.9332982447
1870776,1876878.7222156401
1717953,1720691.7812899267
1056663,1048639.9616557786
1089697,1122432.1853045344
1643466,1665460.660572177
1906591,1917271.9860102779
937821,936112.4747202382
1471301,1505938.3482441767
1808089,1789234.9635688767
1533028,1503317.8697762913
2009908,1995826.5684743188
1114448,1093938.8647928839
1448010,1474183.1987410733
1645910,1652017.1182215575
975983,963351.9183327795
593781,585212.8720728012
1116553,1115606.9173414442
1622185,1612725.9348903974
1309732,1328109.509054213
1346178,1367247.3981686535
1050172,1053916.5633889765
1450152,1440031.2268699775
1121439,1148286.4299278238
1375888,1339855.7072980772
1141973,1148926.6873244073
1336736,1330763.155453958
1559167,1554075.0773838242
1901928,1908942.3564668095
701991,689531.0386875913
1253948,1267303.5437822456
1260127,1275624.5808336185
1134117,1127887.8355518763
1515353,1535655.2399941457
1478306,1509626.5188975951
1189607,1212637.0975182618
834232,834892.8244402163
1153335,1174995.4859709125
2289414,2285452.4375634934
1572312,1557111.6439425154
629785,610439.8947161146
1067016,1080640.3577813255
1411860,1428390.9871373067
1539942,1530388.4799827514
1674090,1650612.8970777926
1514879,1530621.625851883
1404524,1396857.8062719775
1356880,1395691.3388102695
1649944,1599401.4729012656
1879405,1888464.0923893282
1437398,1439797.529557722
1652586,1654653.370019992
1699188,1697484.8188579339
1654541,1623212.4198434972
1199165,1180938.7193996662
1189780,1227986.3153358516
990995,1012480.407994671
664620,677560.7192278928
1450622,1462500.7572883766
1290525,1279044.6932713406
942046,907249.5132538894
1353949,1357178.985879502
571800,598317.9153127023
1481400,1501588.2696571231
1301434,1296891.3669785252
1519175,1533536.002828519
1721618,1720675.2408335537
1716735,1683151.3562537194
767947,758441.5746933051
1384869,1371994.9423351823
1575276,1533859.0829013665
1026480,1011080.4378693689
1267079,1259416.4967281518
1047397,1042402.4269196579
788727,781327.2188775252
1403900,1401096.3705821338
2097645,2094007.4192589947
1136163,1151440.198634577
1073573,1055321.0993312374
618255,664459.8764019475
1316601,1303300.6627910028
1217066,1188928.6344378318
809551,827982.8945882419
995144,999250.3205583008
1842564,1834338.745408361
1343260,1363969.239423824
804412,764601.2508691257
616083,621988.8859198473
921148,914770.3707151295
1539053,1519832.19958403
1434702,1403808.438194828
1554799,1565457.8018350762
1417234,1415755.3057553053
723097,743524.8423720782
1492222,1488255.0291062687
912782,882746.0564795501
1752270,1738067.298442135
1808213,1782208.569328362
834161,839085.741289258
874380,843455.9489293353
1853929,1834277.8289872096
1009167,1004449.9585247267
1180827,1196087.2122851424
729886,741361.3440496725
1094690,1119736.6670295883
1060287,1101841.5219335817
1543098,1534364.4034155116
760306,773376.1389431865
1911439,1899034.5972781803
1295688,1292910.4193217042
1494376,1471227.8002038468
1341090,1340485.0524768478
1094248,1095973.5966828743
1279121,1267240.369742697
1880112,1871787.2484738696
779554,762729.0053065986
1410233,1410370.6668634901
1106188,1126322.553659032
1561212,1542169.2837288529
1400698,1417497.011689201
1184853,1204219.9026990754
2161239,2143199.411380441
954434,975318.8765231341
1325043,1293709.038175108
1349271,1325671.4954924255
1317246,1339129.039222253
1392426,1393052.7444412282
575052,608123.9768427282
1365006,1348324.080644869
1691994,1645029.6545365767
1357026,1366352.5624271787
911077,894163.202521927
944669,970310.7201485896
1507748,1500854.3860750445
1543021,1567259.0587051406
1724335,1723567.3770358586
1257115,1265224.989789151
1906075,1874911.8651439995
947327,963259.6742373682
1796808,1802202.9571968461
2037243,2011443.2926400928
1429738,1420860.6667283447
1043750,1044773.2989207665
1407779,1408229.611275334
1155476,1123439.993326541
1327075,1295329.2480063422
1562920,1581550.3316062184
1237930,1243291.585866789
701750,729039.8065844644
1587182,1605973.2061823714
1696807,1710475.8328087986
1177676,1202690.6472360147
1534951,1537179.2719263008
1151552,1161169.031136946
718187,724958.9842081626
1326270,1316577.6647486226
1698522,1691733.9451108966
1131666,1141650.3373330445
889254,913133.0924808744
1332570,1321170.5964750596
1659654,1657364.5581268922
878392,863978.7717341899
858859,864065.7191454482
831856,806288.0683557126
1186821,1179595.1859851105
1121478,1138397.269937569
1849668,1849461.897227395
1515698,1527123.6315021487
1300562,1281492.7228668632
941887,967722.3508236235
1299390,1306099.2520256485
1085021,1080700.6455155066
1460949,1468633.935556559
1089091,1110327.5601261838
1579350,1588239.5841920306
893759,882520.1466950772
1327662,1317823.825762162
1021739,1024593.4113116277
712612,720739.8241441507
1078459,1064194.623338534
1686492,1708312.7673996843
1460517,1451855.203798473
948694,948966.9885319641
2076622,2059790.5431105858
822627,839850.6231662069
1096253,1099940.954298666
1296816,1302334.6590197203
1080575,1109869.8380736315
1047301,1033910.8145994991
1683246,1685972.4073166419
1855254,1822919.9685160741
1567626,1517372.867373494
1321471,1339849.7766141107
1540740,1543576.6047344415
763348,770456.3622830603
1624860,1607203.693759606
1106600,1091401.516109929
1457163,1467451.8741114445
791661,830580.7641485671
1878028,1856880.3780229413
1109606,1111448.2472160729
1689956,1663755.9386384552
1171777,1170818.7183708858
1600071,1601795.3637591163
869159,904552.6129579549
1879160,1882080.317773428
2382707,2384375.1575239203
1223026,1221810.074441665
920090,900419.6337044565
1564547,1587020.3173220793
1533801,1544388.5896648362
881031,879698.1132857758
1011445,1033941.7513322312
1194361,1210396.2352191403
1191682,1203373.9662781109
1396810,1424523.7104456099
1035518,1045961.5686596804
1844921,1870975.1123479656
1640857,1618522.122288904
1672028,1661117.644606277
1433216,1429287.8374596802
1464497,1455523.352598788
1242458,1239232.0440272102
1610203,1617589.4614542031
1140341,1150579.9982732716
1461368,1470581.5256250424
1545772,1563031.4731906652
1892514,1852241.72198716
1798684,1806894.5152700704
1721841,1728531.1716783482
895241,902642.0786374961
1253269,1239714.1572965647
1121898,1119713.2847173277
1100260,1068120.3351525827
974734,947650.6844260138
1372146,1387251.0791300635
805694,845085.1725011149
1501768,1511899.4423168947
1475578,1495611.6184501024
2087939,2082037.7687890697
1410961,1416054.7853792445
1709225,1701566.8439032373
902769,911919.5373330697
897764,915922.6870679172
869364,910531.7926906087
1714108,1732879.028981698
1609881,1616620.338479157
1346859,1352266.4547279081
1092503,1095224.9531289092
1838656,1828119.7041150986
1657436,1655906.8532769342
1213473,1201273.6496803847
1615241,1642498.354501858
689618,708699.140458559
1364894,1379195.108951188
1332090,1294264.7476074111
1426433,1458894.0659492086
575849,593743.163476638
2023852,2036042.9786820074
1401801,1409623.7818291613
1569937,1558032.1558426893
1250702,1287626.845597003
1366377,1424102.0032746356
1366939,1399967.1564723419
919845,929134.2101578203
1619010,1630821.484968963
885345,920945.2051127541
2073734,2070254.4404215228
1701063,1711544.7597836535
1201987,1171203.7720256418
1083315,1090650.4635196216
1094845,1118893.3736042178
1533751,1537133.6601325036
794006,780478.2772435219
905649,884253.651491692
1874903,1843414.1113150166
612926,625801.5461565133
1381948,1398001.4939639415
1817404,1850441.7477810634
1623377,1625672.9689936677
2003472,1973458.2246869286
1122912,1108313.3033506675
1594382,1575590.7262106442
1340886,1337319.7985380716
1985191,2003138.54666429
1506297,1525883.980353348
1184641,1172650.0951411787
1748236,1765048.438609307
1982759,1968974.8266587905
1156878,1150905.8985650528
1164587,1153386.344380255
1213429,1259782.5918904345
936826,934823.5655799423
1416986,1409652.7137908186
1454162,1440259.541625081
873577,879617.2645770859
1030892,1021075.5657752664
1015824,1043443.3510294718
1608869,1596827.4533868623
1344135,1316129.7875536352
868358,893606.333404242
1268068,1244649.4735919205
1882271,1873991.3419911826
1052492,1054481.7477679944
557316,550314.4768550146
1303035,1272377.9763835708
1655764,1654976.5562685642
954255,962855.0392027538
1673452,1658137.9800201908
1126138,1106424.621631983
1307288,1310658.2659222528
1492966,1495050.9753639032
1664585,1670896.140986603
1566213,1591747.3052625132
950888,936111.2479336355
1641445,1615361.9756067886
1667882,1682376.1485561058
1268930,1248335.3838597452
1398038,1378573.1234550274
1112137,1116045.6441810017
1275165,1290838.1097738354
1192428,1226063.6952175503
2062086,2096516.5287234664
2344820,2300329.5611241115
1620839,1601731.162379429
1673058,1671945.0277669393
594564,621712.0790751113
1197581,1159734.012728923
979122,990470.8186781205
1593825,1577513.909827352
1653580,1645919.1465564545
1718074,1738780.6507991021
1635500,1636587.0246029545
1418271,1430477.6323288311
1700522,1660172.5777851343
2164503,2112277.3431670703
826707,825452.9382577682
1431799,1426386.1731651083
895283,906054.6184632785
504703,533263.5708854132
1392376,1431775.876680389
1074404,1057780.760965206
1745302,1726290.5836798535
1108711,1099721.0851684078
1874692,1884493.0290041454
1416663,1387523.6841717442
2092201,2045873.146737757
2043132,2019548.122771292
1272950,1271589.7585004598
1273369,1254712.2304467498
1876293,1872922.2256773892
1436859,1444488.6273084236
912140,949988.5320884327
1130465,1143493.867122917
1434539,1438070.0917095547
1404169,1416499.3703212067
1116540,1109014.134841442
1200821,1227310.4153064857
1366962,1350508.905615736
1455370,1451735.176310872
1694872,1679627.40989293
1308007,1302940.1581086335
1450872,1485340.3323269917
1611506,1589111.4795758056
1844678,1864094.2225373574
602735,604808.1125915833
1654953,1615868.1799315957
1384458,1427787.4021033412
1697033,1704028.3301342165
1847899,1840873.5636203743
1070284,1078811.7925136087
940668,939138.1362707955
1780742,1758805.773250431
1073890,1117011.4462667154
1019011,1054328.5306585205
1021343,1018305.726947567
1362795,1353978.175791813
1921602,1922076.4379783198
1027438,1073982.2115580218
1459709,1469589.0141438982
1496524,1487324.603226583
1208115,1205223.1174569628
808266,761715.5767912604
1163374,1172870.1776086478
1282738,1266505.426491485
1716745,1746543.1731198896
1523225,1504532.0566766667
1923905,1949547.0748242876
1750423,1745795.2693061728
981527,972498.7237270831
1450826,1479017.6442057507
2245088,2188231.8245742577
1641813,1629416.454620521
824007,838340.1115711754
1679962,1701086.9948340904
1014454,1006101.527695539
1404533,1385311.9365649342
764569,785018.9474129709
1263487,1232370.0052471834
1019103,1047251.2847755295
837403,857401.5884435468
2041483,2034126.7483623726
1781739,1789161.28336459
1278320,1256235.2989891144
1176622,1184104.584347814
1500680,1456184.9190337155
1012394,1043938.1980926538
1737565,1727364.4013828624
1018921,1032820.423246654
1430343,1421983.598391525
886249,870967.903467996
955290,947787.525444599
1178716,1165396.9324107787
997102,999658.8977205785
1553592,1562648.906392764
671092,703126.8185259829
1054784,1052843.5421751062
870429,883048.0139091507
1343678,1316141.9874475077
1613743,1607644.6581865319
1354351,1352928.099673607
2199149,2203458.1325960113
816225,824678.1881016785
2057215,2038419.3346911706
1595314,1608112.1951750945
1857672,1856320.1325275656
922512,923927.1063181387
1675647,1642461.1796751155
623711,652526.4525005438
1138815,1087797.8058186518
1287241,1266796.1313450888
1112593,1160276.5660940115
1317680,1325167.6076560954
1992531,1978725.448632638
1268212,1311436.0341398492
1251722,1253349.0542900541
2088996,2087527.0096906929
836127,868802.0355516599
1418074,1427014.8467973294
1430736,1427427.1166956727
1274269,1270591.803778985
2027783,2026009.7806655504
1831726,1821814.3703225441
1656875,1657822.2736396226
1535219,1541053.6602198808
1643268,1588818.702039181
1421792,1440728.117611312
723121,736951.3913318049
1673305,1646283.2723411478
1850378,1827763.2706868283
2110385,2124629.432351855
1218610,1208365.843660741
1229515,1245923.0845101345
905234,901587.0190043852
1109721,1126103.1525112076
1636978,1633289.3009683772
1516363,1503737.9680934846
2030804,2014016.9604997432
1815335,1791385.5639951027
1497335,1518008.9002480805
2092666,2114962.5386022995
1278110,1276465.4454047903
1351172,1384876.5928863098
1602046,1611982.3101147322
1431803,1444318.9742588927
1661729,1644277.6465583066
1157535,1158481.4421049468
1474461,1480759.6766317592
640465,666540.6829686727
1622268,1645371.3043485566
1217082,1188283.0519530233
894031,887891.764027692
770221,791913.344723863
1939082,1938153.7618076785
2270652,2234673.37744979
1654807,1637846.5044682196
1082940,1070656.5362754369
1552084,1558720.4023970768
1737334,1736913.1811184427
1569329,1582526.0558775726
1118573,1152637.5176930923
1262243,1288174.5297925193
2153746,2160747.689886107
1422311,1425853.1841341732
1715559,1704335.3883727256
1739460,1741861.9836921361
1278241,1305411.1008269754
1633708,1614626.8226152875
1159399,1185266.7311644757
1302217,1317654.3496216678
1639848,1653082.8697163141
1112986,1104479.9664038913
1196569,1203319.4531475604
1054123,1037857.2115679712
1302153,1297459.7621750424
1685382,1673505.5094694905
972413,970237.207823888
753752,779465.7568030116
1120977,1112711.4606785753
1078414,1076394.734502826
931787,947287.1015891515
1171353,1189958.3817324983
733726,724326.2247123921
1411508,1409955.741987481
937037,957205.3939386313
849007,841787.3198936771
960717,947041.3808175048
1680340,1662601.0505757523
1325063,1309489.6773378833
1191989,1195755.777559057
1292037,1292669.871383658
1223056,1208014.3607884077
1587599,1599369.6984345424
1037922,1080137.4063006027
1439351,1449817.2125495516
1682094,1670894.8250364254
1833495,1843635.6673155203
1603613,1606185.8757945644
1493006,1486077.0135677268
1286545,1278324.2744963744
1194302,1185486.9779447427
979556,979497.42828696
1951933,1984528.98773164
1759932,1745348.8549836734
1355014,1382705.4238545941
1386357,1404111.4464775128
1615222,1632064.9015454547
1279239,1310424.616189967
868908,851527.4123392937
658837,678693.4572726219
1212150,1232804.355930323
1014975,1030427.8994272642
1631776,1640194.4731926622
1310404,1299581.5584516511
1434866,1426602.489168071
1347625,1355899.2588443742
1247351,1245423.058102507
1361044,1353744.7675361214
1478397,1505387.19227024
1456534,1470660.688404362
1427187,1406045.3690392142
1168524,1162882.1445409972
1728081,1724647.04704319
1859468,1882417.779552247
1267448,1283435.5071442325
2037686,2020309.1720452732
707338,720336.3508100443
1115104,1105684.9012532572
1338475,1343962.4840749698
1475355,1436375.3689499593
1670293,1653830.0319637484
1587569,1591073.5070825878
1278302,1282217.19091467
1248018,1236627.1329355566
1069100,1070001.4734961884
1446257,1509321.4109764535
1630112,1593617.574732266
963111,967736.3121252719
1309072,1353202.4956633097
2032147,1997725.9270593051
1395472,1408442.389819044
1928792,1930318.4295592492
1790715,1800341.0356218708
1406534,1401826.962488007
1482762,1483583.766203924
717972,722586.9456733002
1190432,1200709.6808975036
1526340,1498677.5553516538
1217352,1212138.7435717985
667221,647044.7205077853
1926552,1938313.4969071306
1832423,1819618.7513918963
687632,721897.6415803615
1135292,1148299.7533150357
912123,908223.4294612675
1245947,1228222.791251316
1187548,1180196.3236161438
1959549,1934611.9267899657
2019922,2015200.3798298321
2158788,2156108.9065116504
1378643,1364269.95432814
1942713,1961404.5271966695
1122585,1137422.9634287523
1746999,1691219.6736781448
1965866,1942815.3570881328
1234984,1236442.2661162813
1352499,1338972.1253577904
2116536,2085265.1271521877
1515482,1490865.1921788703
2085284,2026368.823329615
1439022,1431767.8349301075
1394969,1407591.683103471
1019614,1030458.5544897418
696300,693967.2056549314
1759769,1706316.389933789
1832753,1844082.8646782085
1189539,1177071.7014940225
1316679,1333162.683479021
1300661,1291072.400505814
1553737,1549042.3031659713
1600506,1623329.419578961
1467896,1468136.3494876001
1171137,1173572.3511407415
890672,933843.2262712661
1133448,1120727.7400417859
803331,823184.8573191889
1169071,1168546.0284439474
1415762,1435361.408223532
1358969,1350134.891424007
1320034,1314864.369215294
1403310,1403547.9408159147
492529,509976.3343066616
1418689,1416503.7257051766
825506,817700.440666677
1393899,1415039.8088829261
1240656,1229472.897120546
1828992,1821907.669008706
608395,606488.1246142734
820434,805557.1268246202
1637333,1655108.259445943
1374531,1391092.529223637
1292566,1272081.0445170011
1320163,1287248.137923478
1352203,1328371.7818577748
1192756,1173961.4339359363
1467312,1440896.7826266342
1133104,1153972.4210449045
750283,752757.7945649395
1427540,1419095.2518767475
1107969,1112494.0502623657
720105,734658.43353319
1502622,1494419.9868608867
907097,917740.3119753574
1760755,1729215.2939992652
1169668,1170551.0507712269
1249998,1262587.7339793777
733706,743859.2699740288
2005812,1994210.567518606
2165663,2165172.5886055985
554404,568795.7795019093
1380384,1401753.211035981
838134,844944.5877211475
1173023,1191941.9626399365
1278953,1292782.277644991
787308,775030.2512747122
883476,893922.500512683
1333819,1323502.4654083815
1138249,1143794.9388497418
1758640,1762577.3912728103
1952259,1963135.4686171608
1849117,1840556.6752619187
1892054,1885699.324801871
1145822,1148329.5068167476
2035786,2005808.4094753552
1850442,1868197.2505908716
1716351,1704425.0928441456
1108043,1087399.827095517
1653106,1661770.0716123914
1660491,1649804.7734784358
1398994,1411736.893229166
1094768,1091005.9963079314
1179994,1177409.0235818143
1725126,1740620.6035037362
1558337,1568431.8713227685
1917746,1917967.243712958
1468713,1451450.382597241
1535300,1557944.1526795286
1027305,1004573.428268821
1814873,1806390.1801234283
1684691,1684050.936607679
1637114,1623873.9216067297
1278299,1285608.4694764956
2140153,2129964.9240832566
1127723,1168975.9594221972
2123362,2104036.6413818416
1161986,1156621.9275254353
1303436,1285352.6083589168
1452595,1476682.4092043927
1522301,1504848.544092721
648745,647220.6144344406
2097676,2083474.2825063667
1768453,1781268.8238242855
833599,819105.1884131066
1527540,1525061.5570642357
563345,581361.1574210455
1121772,1112757.0243340312
1319943,1317861.8210916503
1472648,1472478.9303185267
1224918,1219471.9292039105
1159199,1151392.5915321822
806061,796517.0302127628
468618,502832.37830752396
1432807,1466290.0314829338
1173364,1166924.270588723
1514001,1494532.1929533724
1232820,1190376.5088119113
1259810,1297522.8976555904
1014243,1044327.0960570048
831254,810057.1036112101
1390954,1368221.658860288
1222384,1246676.3516483316
1092724,1102044.4457394467
531117,535773.979122178
1242176,1276690.2909738827
1198036,1207700.9404311734
922111,915808.7040877731
803956,796407.3790206196
1553181,1523923.7082271492
2281500,2266334.826692657
629047,622867.6516475325
988855,994224.1708417338
1276485,1285566.9723545306
1763467,1755184.1603343145
1105520,1117236.747300987
1376541,1390719.4822337134
1890310,1903191.209654347
1700257,1695238.0803951542
1722945,1715683.184556087
979346,990505.4803443144
1348811,1343609.1966308297
751693,750890.3058545104
1554672,1546976.367342335
551149,589462.6698067567
1072876,1100090.9684817828
1438656,1411572.0386244655
1986744,1975891.1427653546
1073915,1101108.0213577533
628855,608425.4502504104
1430279,1439733.5642563258
1852335,1833461.656394662
941866,917983.5878832861
1648176,1665792.9663863808
1096288,1107176.6055967603
1110817,1093361.0381496612
871318,893623.7281702921
1302188,1307339.6644058493
725788,757345.6592311038
1069440,1056896.7329886483
1018109,998926.2621668953
1885925,1866853.7276751006
1269547,1285197.376775598
1439934,1440504.753943208
1308059,1335991.5854809417
1214258,1208499.8087815756
2043664,2054560.2152337136
997557,990992.3262203297
615987,658876.2471750026
1173310,1176763.542313028
1956935,1954545.8766801073
1659315,1640420.9647577382
1116596,1122049.8175015487
950427,931114.22623854
778938,809118.1224097182
864194,848113.7343074923
1417160,1441484.0138197145
1488905,1501268.117288818
2110530,2065736.345914415
1019771,1056089.91788285
704823,749796.9234991993
1289330,1282388.277100203
1176758,1190929.145784091
1021094,1029103.1146217543
1055686,1067013.8730308202
1379375,1332299.7706755265
1714134,1688412.4316528481
1586931,1589222.3105206995
806772,805474.7288579892
792133,808017.6376172735
664657,653063.3883521901
1704367,1729157.3195917478
1586556,1599876.404690797
1460423,1467472.6652388445
764589,798280.4251777673
1775003,1762940.8881280092
942206,936961.8774342448
1230664,1207537.0778303791
948011,961305.7242985772
1827821,1803954.3236420033
1004561,973814.4911000674
1412176,1401684.9479715645
1143849,1120565.182148336
853067,867089.1401098776
1910967,1899108.0066254584
1409788,1389454.376988469
1653939,1624241.1336203911
588707,607745.7442591188
1582886,1572842.903199704
1742744,1740109.155568182
1127690,1107852.129869718
1529578,1505309.2512508058
1774449,1769576.7336771495
1108791,1135124.0534131834
1347823,1309331.3043254693
1748846,1704398.496858652
964951,996710.2353664631
1741105,1779836.2134405824
1454657,1481619.1964002945
1345591,1311211.8574669918
1404409,1394488.7520226368
762352,741947.7610965602
1691839,1683146.7161270117
1461443,1477008.7571380709
1433109,1437628.8052828987
1925236,1900831.712626862
585453,603036.6672029636
1092309,1089656.2114160077
1600909,1590986.8511776475
784023,764673.6604029919
1700939,1709274.6405777172
602952,614359.6423106226
1594557,1623285.5728601143
1141987,1131987.4860502414
1546503,1544513.877929266
1147926,1147882.1715206292
1854900,1832867.1673970453
1485463,1457254.5962075691
798830,810238.356819135
1397884,1411664.3924167436
1367810,1361045.3569898638
1061491,1063002.7259253643
1326597,1331127.4091495904
924349,940090.8632013593
1337786,1319260.9557147308
1309449,1315199.358759228
1419609,1430056.8988695208
973086,974572.8250852589
1147292,1140304.7648430895
1730787,1703973.3918500133
1025812,1043301.1075716749
1087445,1100833.632230652
1112719,1124358.1046059907
1388195,1358084.6798229988
336079,361808.70582353824
1389191,1384534.4503472252
1932542,1906360.497166956
1494309,1497566.0345669566
1139655,1134913.8757321055
1087764,1066967.728625436
1142486,1123552.127881565
1279832,1269843.3457940884
1849208,1826337.0704405636
1017605,1006756.1337420702
1887602,1898192.8279498755
1727391,1729564.8247623057
1405857,1418627.374550452
1313636,1301589.145936805
1334590,1378024.844003097
915064,933895.7340055063
1383863,1380534.9408565992
1235209,1250344.5642832194
989185,971367.2882072576
927642,893018.0358197781
1286082,1266841.0800334334
1078074,1074644.0001148772
724626,730853.6526396794
1084726,1102596.506268018
1259659,1267763.3256506985
1217513,1211460.7850689688
1393353,1389680.1309598503
697804,703558.8295887654
1472774,1472248.8268255596
626136,637474.1924045876
1247527,1292181.0288120122
1404921,1439041.1376814004
1295431,1301577.3295509215
2168355,2132658.122159412
1145345,1138667.523053439
1387211,1383879.6661074432
2330308,2313001.4689371
1743653,1751187.2980090475
2078829,2032749.649502771
1336831,1330081.7309365415
967900,936519.6441892284
1164689,1174035.9476495988
1606029,1597762.8426939738
850059,823800.9533297588
1561677,1537562.4718906418
1821032,1823993.1463900388
1787077,1773198.4803354994
1904586,1893005.908982701
1549983,1552230.8864602183
1738503,1727412.8001883377
1952267,1938880.1385342001
1657195,1689881.2975698514
1414358,1386667.2080530862
1076642,1049550.6513354327
791826,806035.774623626
982886,975960.512720175
1623914,1618110.8808957355
1167241,1172850.2944772388
1271605,1245406.5280324018
1127155,1131989.2969128941
1019783,1037834.2655995991
1492734,1501512.5895073393
1041358,1068882.1478636137
1376448,1367854.1749809806
1408233,1364930.0055326922
1994625,2011658.884002598
1262873,1270141.820846311
1486110,1503602.7455410971
1263727,1284208.922730431
825664,805143.9599355104
971127,993400.0206714683
1144137,1154772.1873936704
1320446,1303228.4433784017
986734,975717.627990198
1841939,1828577.204696921
1327125,1312554.5639745798
1463457,1432609.4006567448
741121,710926.571550479
1720452,1733305.3744958027
1440236,1447735.3647289472
1594567,1642131.1147048846
1179197,1181830.4221487122
1057486,1064000.1478107476
1174370,1182253.2540551408
1076050,1085869.747355252
1152836,1125078.9226917506
1192079,1193266.1615336444
902327,885199.8718915383
1314697,1281350.8188656105
1435867,1441267.9821088985
1464117,1451054.1842085542
967588,956891.6373697498
1368513,1358278.6180703673
1389785,1400917.9402097268
1057763,1062391.9408679262
1960763,1943863.2571765354
1589422,1573292.9227575758
874594,866899.4115537223
1618411,1595058.7416425198
858916,882331.1987662606
1408120,1401865.7071515957
1112898,1149048.6350704536
1610060,1603936.609993433
2465343,2453178.446506368
1213755,1193480.3194849605
2158159,2163088.8435755325
2042289,2047683.8468222625
1368366,1391188.1198300293
665787,649554.9451116428
1275105,1238125.5660203358
769413,764298.9661062908
1696939,1714100.1856576328
1227049,1220268.7027556465
959476,978595.0657571512
1307909,1327947.0854477854
1531574,1514636.2158377497
872781,860930.675377003
1115563,1129452.2721853796
1223809,1253597.6161326426
1511501,1539914.2912161648
1605647,1622283.5696481694
1110472,1151123.9192465658
1899344,1906303.4185764666
1338948,1342140.7838450405
1404401,1384106.6329718216
1050761,1101009.3636010725
1814310,1800895.8866063484
1141767,1152548.8901853908
900088,908191.0426055313
1230214,1204609.0407322177
1196390,1195430.36319078
1760825,1778482.5746793498
1371430,1394733.195466552
1181882,1216114.5205419783
696763,705489.4124597096
990226,994412.4006926615
988180,1001721.3149118883
860603,882480.3843412705
1544781,1561335.5444683742
2214202,2182183.2127587013
1044564,1043461.1600057503
1764596,1761076.8213768173
1494648,1458655.5032466874
763135,752614.5807097543
740425,755100.5942486688
957003,939246.5432919692
725602,738146.6662050257
1738310,1758249.298358404
1190802,1193020.8417490097
1223711,1259392.6162120544
1832654,1783742.8854824128
945221,949375.7494584696
722562,721368.0312336567
920711,910759.7105927657
1391807,1435659.0950712406
1345994,1339364.8150443833
1287069,1292825.5377205424
756885,749919.8187876894
1172532,1171759.8937886606
1373776,1394621.6676697535
835033,839935.6185224586
2259582,2249094.05284105
971845,976602.8241824978
1218747,1229506.3563395285
873973,881316.9576777043
799633,796671.1466992925
1752299,1744295.9962075055
1486613,1497492.924709523
1019313,1017387.1119821233
775249,811499.619250974
1725215,1744497.7504406432
1477715,1455695.3515651969
1192605,1216736.177531269
1629860,1642231.9789742844
1167798,1157661.8557741533
1927011,1932267.4907413528
1938509,1885760.3472333134
1152596,1150162.1264253913
1276829,1258700.4121516233
859652,865655.2988451303
1308691,1310983.353534106
1098025,1088226.4278290798
936349,956828.4068999692
1097125,1071252.0208670401
1681022,1690445.7252386352
1235536,1237078.3602147368
1705360,1663924.596037298
1132108,1137239.7757856536
1768860,1785081.1440017063
2171269,2169379.9059686568
1439699,1473480.0885179588
2271952,2264916.0550769395
1456900,1459099.3994370245
778194,768178.2829459369
1414650,1420711.1376429982
1157159,1134082.143498175
974277,994429.616774267
1219317,1235785.5038110393
1644622,1654645.3543348338
1018801,1036758.7467234785
811671,812280.9477987196
668051,669811.0450391879
1846700,1822121.762427415
1598433,1600827.149692121
1189462,1173552.2991072256
869737,839344.2747744544
1766149,1736014.6399990094
1505429,1507583.9020800001
1512552,1510732.237792182
1211474,1222318.4199625715
1518526,1515592.5334021433
1401299,1382080.0529113961
1652182,1634058.9539814112
825734,845453.0896258298
1451846,1489719.394564094
1866527,1840523.999358714
998427,999436.8479451373
1220817,1231546.7948505715
1167144,1188018.555331657
554376,540939.0663738409
955551,954428.6893805312
1257567,1290644.5854163705
1176258,1167637.3044199978
1309771,1297635.0425310014
1409221,1428990.8969890627
1688875,1695235.1167920604
752366,757297.8331551005
1237856,1260599.9167341199
1312925,1307152.1714784727
907515,936612.5114285895
1712482,1722221.7098960532
1575275,1573946.587544997
1224893,1245410.6666460007
765280,774913.2838938277
1074619,1069211.5107360624
1658142,1652397.4653031975
943256,938932.4816118226
2021353,2015628.537185106
1332334,1319578.821679889
2095712,2079112.4258550296
1207363,1204341.908831742
1707654,1715883.4201706708
838972,838560.5958973656
1531886,1511429.0396054855
1420176,1419275.758872151
688474,689420.1419088856
1474533,1486354.426358024
1559957,1563017.1360408748
996337,976753.2987605208
1538299,1533947.7509370092
1330240,1317999.3163999054
1573538,1584306.3175444512
1308814,1310018.7522879762
1597561,1599495.560883705
1204849,1225574.393072469
882632,874946.3692591407
1680663,1681125.8846146993
1532339,1550644.277339103
1255498,1253976.314433339
1729916,1696503.8508458566
1246435,1227123.1949828046
1127013,1125082.6373323733
1610378,1604796.4715013048
1610521,1604884.289200054
1090245,1088324.7234043656
1211890,1176754.9759760413
1795249,1790164.5872823638
1796725,1794800.9132592154
1756154,1773972.3949546742
2221374,2180903.333063446
1599665,1624612.6885606975
1303920,1255366.2039865968
1419725,1418619.5852831507
1663309,1682935.190300898
1379959,1371662.3303136437
2129765,2094287.2742010844
1029133,1035670.7613806068
749119,741944.2777883062
1358431,1338626.3184116588
1084601,1085155.1214429233
2402718,2376574.427780578
766830,760436.5459213622
1128860,1116328.8080566805
1290296,1257767.4845125587
1408994,1399418.9076639558
1889115,1860283.0555502914
1145585,1128501.4452152262
1367552,1338042.1481381175
969956,962860.600943078
769274,750373.6296171987
1418472,1450476.5922613477
1685291,1685447.4634000277
1749684,1770440.792673046
1744739,1746508.2188486522
1136351,1128580.5150715343
1699084,1700599.3488545942
774377,779412.7590917548
1222478,1227367.0414906957
1431484,1433808.666718815
1795541,1773476.327040544
1098327,1092421.1800696559
1138621,1127636.3716126792
1719190,1704084.8255245495
1215585,1208297.5398806275
1523395,1510719.2171298915
1297181,1331698.8298828478
833573,817832.1473128133
838667,846868.2005623851
1531875,1559337.410824282
1111418,1115188.5006298777
2002163,1970652.053118891
1126848,1123327.4560255243
1410270,1405270.4368081007
2200958,2204351.2513628057
1127389,1111270.9214687322
1133117,1111525.2282464865
1733407,1734381.8768114524
2124984,2095004.7762244546
664967,693449.0807076617
1913838,1904087.086828483
1552290,1555068.183572057
1893405,1877476.8868708292
945421,952044.9910517232
1200785,1183785.9228678292
1224772,1219768.3143945327
964973,984141.0029833622
1814973,1828892.2109160991
1610791,1596332.2073485854
1865888,1856140.0671600553
1740133,1687562.5013228487
1565444,1582446.0526748383
1560758,1583411.7255999937
1886717,1884157.4589529482
1178793,1176047.024798663
370649,389630.6050001719
1098721,1088980.0503790348
1400665,1440950.0215957644
1624312,1647511.6903357846
1132461,1129624.6793136564
1357292,1329866.6897533396
1492748,1493414.133439663
494982,511114.584975508
766139,760668.5444991428
1091081,1108211.6956815913
1509908,1508261.2696386217
1017548,1048889.3041146114
1230958,1197009.2070074026
1796409,1794922.1189592553
1178391,1147536.0915292026
1934626,1938914.5178985943
1831895,1811625.2346117392
1407935,1451161.0591740096
1225676,1233387.5353331072
1297315,1313768.4189206138
1125828,1147435.6690212644
1372139,1422626.6048656993
1839902,1820937.8221016917
1430477,1439196.0807254529
1061450,1033193.898171788
1052151,1081474.6109914586
1588559,1619322.8644463841
1210331,1201784.0731033299
916208,930068.7799624344
2082801,2023251.9352933038
1797338,1833479.2827360274
1422278,1407833.485265983
1757693,1729786.2550099029
1733680,1716812.4330199037
1414283,1398704.7528072633
1463854,1438228.2493070776
1430803,1453141.0705208792
1109415,1124764.580043031
1942165,1953834.7798583955
1078860,1072815.9429346926
1739891,1715874.684681325
2036515,2040083.847196268
1180129,1198378.4202742092
1341849,1355009.256759757
1172867,1168123.8244602117
874205,882072.541901733
798797,781864.8418735099
775732,753315.7896755969
1186452,1196475.5413322572
1519695,1547128.0046360595
1729451,1717144.047718022
1847354,1815032.0582017542
989903,1000241.9557459877
1851986,1835500.8506173608
1138904,1129124.801430372
1246335,1248156.481325461
1023198,1006977.8850403363
1389695,1369965.7901382635
1572162,1553308.808365907
1161546,1169478.3534466433
786930,795186.1037032066
1922269,1952355.646341981
1595814,1600257.7761298094
1839776,1807975.7522740685
1114470,1086454.3211005079
1563384,1615132.589618149
1807310,1789788.8783318237
981255,996558.2806779323
1300042,1291049.1654618564
1766350,1782274.608405517
1384783,1377549.1944480273
1911262,1882503.9235009088
1556638,1602690.4951869305
1589830,1615853.8983725081
1484148,1502789.5114393092
1570436,1567867.0939921716
1553446,1573601.3670368788
1979028,1963930.19403121
658693,676545.2584817614
1641664,1655685.681225578
1601037,1619842.5761192332
1489599,1487228.8965374157
1561406,1516199.338365012
1719484,1714733.787989687
730358,715996.7317705943
1518767,1494802.6912815839
965647,963861.5588635856
1934455,1955385.5362022344
1447238,1429292.6968176619
1507111,1460545.005810017
1304241,1272393.96557619
1731547,1719160.6794373593
1441882,1461775.761686298
1443737,1476087.1801944736
1871294,1875588.3578597172
1690791,1688016.9958596826
818607,852044.635495248
1026653,1025883.4686841794
1158668,1144050.7290414716
1460781,1452051.3247893322
1005615,1013285.0303717906
822702,784671.7137929035
900919,897928.1885215292
1564300,1585959.5383587147
1837821,1834456.1958822606
1295855,1256478.59589494
1440069,1449710.2039473555
1304880,1299304.9075199743
1137609,1116629.1913641011
1214209,1212379.9748894405
1837700,1828640.1010181413
1835778,1829514.1544004697
1478072,1467916.324549024
1132700,1178554.123742503
1894164,1925820.5599941073
1644497,1640264.8603379938
1566976,1596832.7553096348
1557318,1533060.637725981
1532086,1508541.7711844738
800861,805012.2671377535
1012653,1008339.5123416759
1439931,1423241.5921262365
914394,942735.7664857816
1371901,1380165.372219444
1583304,1540307.6322676672
1129314,1146295.420825546
1117715,1121239.1958818126
1279304,1288869.8572314125
1277879,1298852.9213201334
983620,1037204.4930663591
1004984,989813.3523070873
1270689,1267950.5943902032
1131793,1103616.686159978
1194930,1192886.829732039
1778283,1767629.3956868178
1693888,1690465.8178251013
1740017,1734769.4505113496
1581506,1576510.3476364282
1620761,1632888.8759249223
990719,1007539.4101983187
1562528,1570110.1288736088
1384127,1364651.3871516155
893543,871833.8048470018
1364200,1328268.426502934
1907234,1903218.5121758932
990922,980087.2298610365
1349816,1373218.6303158784
736302,730124.7470237676
644481,632272.8194179441
1058797,1059159.2974400455
1387698,1390426.8795119876
1744992,1745714.1698750304
1711789,1695741.9413117475
1158674,1180849.1949256628
1530156,1539349.7888768492
1391716,1419745.844288514
1152150,1185074.7664752612
1713110,1709130.0418505985
935143,955955.178710801
2035029,2008117.3239273296
1402528,1402264.1628663524
1816855,1803866.2648537862
1566502,1566406.3356487881
999178,1023654.1531195744
1057536,1047034.9484242244
1219234,1253846.2106340239
1766353,1784883.1659059874
1027070,1031891.0625351754
1269912,1253510.2628989236
1469316,1450008.0609826
1405322,1387579.4529929247
1211441,1199782.5412155318
559761,587965.5795957783
1215826,1238040.2987028218
2105305,2100286.3858359107
1332706,1315011.895212481
949599,989321.686055812
743797,744748.4818819462
1805896,1778439.380139039
1305040,1298818.5918738868
1215330,1213497.3086123047
1227067,1231297.4323455617
1395309,1381094.8187739758
629468,657628.9633797805
1499469,1494758.6369383081
1102667,1107222.9120969984
1166661,1173375.4550771592
1602373,1621879.5620736233
1566357,1600977.3575233861
1059652,1090376.7224060528
1331267,1356444.268607944
1513631,1529739.534385338
1718255,1720215.1838935707
1533052,1502222.0401557614
1764662,1759945.5170127575
1348540,1367336.0989304057
1623324,1595444.6164336358
1841698,1834433.443463447
1736754,1744871.0407627819
1398472,1399036.882675682
1267721,1250622.5325848756
959295,969579.6240372449
1909775,1907313.6294833922
2070996,2076847.045506723
1217188,1210778.6602862482
1416853,1432918.3911505116
793485,805790.2410749267
1664960,1631786.212511693
1875754,1877749.627252264
848597,848198.4833876909
1700657,1690833.6217340403
1303077,1292769.3566081624
635162,657167.1428156547
1763278,1746109.0922370541
1522557,1528294.0233973037
1065968,1058197.5415204864
1137583,1139841.4354061107
994054,1012498.8803567721
1422067,1413028.1398771002
1871918,1854758.6160324884
1368167,1346937.0321097935
1947872,1921820.406791659
1738323,1736440.0531984018
923537,929744.280571494
802445,808295.4285859669
1149778,1132996.3797771272
1083560,1096766.6062990306
1507995,1529195.0574581139
1048940,1066800.131890751
1048135,1057053.3199501839
1698111,1701921.94603664
918615,922997.1741464996
1722185,1730830.618446499
1494979,1508700.8458255094
761941,765580.0129381603
2282418,2268223.1888590944
2036489,2017762.3891873443
501887,487529.8011141089
1089978,1092571.7777627772
740338,737457.1232919244
1766639,1774144.9969795425
1751577,1736477.9443554454
2428121,2450802.463185351
1286128,1284771.9635897537
1443928,1422085.985433368
1232791,1248227.5741394397
1459319,1472858.4325797928
850319,878685.5013070689
1624409,1629057.8188699186
1189060,1160143.5002334414
1452264,1480759.358589092
2071763,2072395.8422898266
873056,875650.154151461
519965,507599.64252793323
1318779,1353294.925484484
1741262,1720206.1142552313
1357389,1361371.8344176982
1307679,1283547.102220554
840691,838091.6032237828
1781792,1765907.4567278286
1994655,2023553.2665229263
1897570,1910565.1696863496
1682052,1672317.0964481651
1061192,1070622.0563696139
1581040,1593686.8730428035
996503,957716.2313912525
1378904,1404161.326482691
742410,746049.6736830438
1481506,1472768.9540356274
1633171,1599840.041573812
1083122,1057682.5379381797
1773039,1744879.8510471135
1820943,1795599.6757479876
1773522,1781829.618339994
1735234,1751929.4923507199
1308388,1311063.485483875
1554527,1536870.3129549287
1611378,1589894.0961043788
1509606,1540705.3555375775
602252,614976.3901747664
2038127,2047280.1913512337
1161555,1141473.4867165429
1172698,1152466.074045184
1708136,1715264.8620134282
1059486,1061126.8416092535
1662666,1679519.0173585087
1842857,1804055.2782440428
1480057,1470742.0624958642
634213,646148.3800369917
645994,617709.3948430961
940416,960083.3944012476
1850029,1821390.2957733797
1680112,1670932.282146338
1376742,1384148.7294234475
960988,961375.1870706065
2082264,2097913.961671733
1140860,1106200.0074709638
933908,934823.6418770257
1045263,1038176.1858198236
2032609,2017783.4579644883
1397752,1414173.3832710343
904501,929633.4305711332
1383722,1362923.9622896884
1211067,1219554.1951013077
1186929,1183216.3026144411
1167702,1156655.0789530133
1130980,1120063.9823543113
1973021,1944737.8354558952
1031792,999516.181743472
1580971,1614538.1077844664
1141560,1118422.8302903455
1864372,1857299.6022834966
1207208,1214194.1182707008
1619282,1609214.8079528676
1794270,1795227.7640333306
2055904,2070645.1912037027
1403316,1386045.760044326
1936304,1907962.7298155087
1129325,1134127.7803249848
1886258,1862061.0284791214
1174011,1181381.5357203223
1443655,1444067.5914553916
891461,887368.1861599616
1129205,1097455.7771164314
1066287,1056806.8871159544
1849400,1845277.0656912257
1570321,1576128.6246678191
1163822,1201994.8091749577
1282255,1287122.186592212
1673240,1642793.517446811
1165436,1162526.6192498505
1058997,1050531.9450539232
2128793,2129409.3600948937
1490443,1475285.1603163823
1332447,1339535.5829943556
778639,791395.8438229284
2303027,2318284.188006041
1182077,1206733.6906394798
1777461,1755909.9595598376
1380935,1369090.0938125686
1368121,1388784.510297199
1619577,1639490.3733674206
930300,971851.5866187062
1066515,1043765.3119150321
1303303,1284113.791827015
940446,940805.0012104622
1409399,1356647.3985853272
874978,848847.7932878941
1836992,1878264.5456903435
1825462,1791104.8308830685
906364,938914.8460633545
1618690,1631134.928945747
1061652,1091527.4232454193
670564,703999.7648202119
874880,893863.8154624394
1466141,1479772.9114384446
1685228,1702403.6623811396
1972840,1938887.3174184135
1166408,1156983.2747426066
764248,764438.953059631
680631,680452.6712543223
2031371,2012912.763834334
1592022,1593549.9351625477
1281349,1274398.2211362012
1196421,1210205.6304853994
2123805,2118675.142994278
1541665,1547145.2408714138
1281240,1299643.905192068
1046524,1043841.0147518207
1969578,1993485.4101297497
1281088,1258859.111692519
1486594,1479162.5173413483
2295990,2277371.1545574856
1748227,1763865.0875142466
1640243,1642631.1730541426
1449731,1462761.6407663382
1780875,1778405.773613533
1436575,1426101.2079374986
832810,827188.9166508301
1487911,1464827.418920417
1166466,1153002.8175854997
2088922,2086101.1663348782
1403436,1399556.7254627415
1263111,1252761.7232378523
1873443,1874460.2943176788
2158658,2133798.1617327826
1524657,1512877.241591296
1776933,1755661.0833453103
797771,795362.3205469064
1979869,1968770.620456879
663864,657749.155653524
1918871,1918236.9257213606
1832156,1809225.9568866035
1549412,1548750.456916831
1741299,1751328.5356270208
1329516,1319870.227668922
1852296,1871343.8289869376
894447,884180.4300124987
1541400,1534756.3659415527
1797171,1812900.482165476
1109100,1130384.516124394
1217758,1206729.4198831671
493900,494364.5481950456
1164016,1144304.2995435584
660797,656978.735586335
1288086,1306196.454875235
675156,695127.0334939652
2335332,2306522.0727114286
906467,912159.8853449868
1704180,1701741.621164433
984358,990964.4783618748
1519241,1514928.0320118684
986386,969851.0752591528
1030971,1026460.9605559873
1128696,1112566.255943996
1781637,1802797.8180633758
1039487,1070385.2681577564
1872656,1877943.9350587688
1459703,1450453.0897865365
1409014,1434606.5420647485
1390126,1386175.0828402212
1498053,1505038.1555491262
823528,819422.1501670138
1618807,1583199.9827133026
805184,816803.7050741753
1767269,1732813.9125720325
1611105,1622312.0133403318
1457183,1500344.0868032225
1482584,1484394.3606958238
1510096,1534862.563010696
1408623,1408010.6470117485
1455665,1439205.5958526072
1981336,1986638.0629353614
1496416,1513837.2925068932
1512773,1508339.4630075078
1161147,1134506.0932956357
1523169,1530825.7617936747
1577970,1573330.216397899
1522547,1511152.3298506178
792867,796610.9152309538
1202060,1197366.0889075191
1184885,1163344.3990447125
1736541,1727996.736100329
1269084,1244619.1743204494
1482555,1455193.6791443916
1155917,1203297.2141325145
510369,527087.6162378192
1869012,1873007.4564002503
1537152,1510526.5954843806
1441286,1441549.1964766353
1226536,1253853.6904816243
1514074,1522289.8545194804
1095553,1119569.0653972619
1125262,1143210.3590954908
1232193,1238438.2533919166
1537331,1543334.7413021822
1297676,1296997.170747396
1015662,1035809.3173373679
1329038,1314783.351186806
1862574,1823070.499933854
753789,760496.9470150437
800238,793786.7381680463
1563556,1559648.7422077903
1125817,1130248.5355752665
1382249,1386783.7677577166
1546753,1582418.4464772698
880901,870438.8169495144
1724235,1707583.6563137283
1364634,1353074.7751982925
1136385,1127203.8692205313
1754208,1785695.8430922069
1191375,1208573.8747592245
1492044,1503729.287211517
2154281,2196984.2037810436
1274799,1268498.1387395156
495688,494954.5054390637
1424150,1443085.8327647827
1303587,1288838.240295266
1245522,1255587.756949394
1576817,1571036.81114409
1039876,1051220.9797650382
832776,807977.6703625524
2112221,2081694.6391148428
2112954,2091799.1429235397
1437072,1406276.4666088556
1012608,1033021.975019316
982533,956659.3327923843
1150258,1157620.4134007576
678088,676671.2883387777
1922991,1900713.084382406
1798386,1785890.5156915374
1334924,1373033.4030486362
1874142,1877618.8953870698
308997,350705.37909096
1687035,1689919.9264052552
1483474,1497693.6317798132
1653543,1668085.5445482351
762951,750432.3101456593
497357,516829.4800072989
1113656,1132742.3756288772
1153064,1161472.5768718563
1946214,1940481.9405331167
866362,878287.0573976915
617472,607284.9093746425
797198,800668.6660219902
1670759,1682803.337324125
1677698,1666322.3389008425
581744,573986.868304919
1532063,1537690.1077012776
1126664,1120774.3998333153
1610828,1599350.9164880097
771381,773872.0662250068
1206362,1196519.7572023943
864229,854263.0356895803
1237646,1205223.4901079899
1129700,1108166.345266833
2070897,2053098.0204516328
729647,726123.0395851453
1040500,1064196.517828642
1648980,1674069.6193353434
982613,996040.780078409
2031589,2038020.5144512332
1092263,1112371.1626675713
1875274,1880271.7470294947
752291,741010.588015135
1382789,1389157.259451309
1531000,1528371.1111121841
1641386,1611495.4260176648
1657962,1676176.3148638196
1831002,1834784.155715056
908409,933469.8055591979
1752502,1753979.2744744564
1134705,1169925.6204432063
1289336,1303102.3488019907
1381420,1376995.7879179455
1587613,1584387.1757188083
1131399,1161957.976900778
1366107,1363170.7396682985
1175805,1153867.562167587
1197139,1225331.052753455
1586693,1581734.4047798922
1717194,1714331.240598876
1107858,1085627.675055247
1371048,1388371.556930418
1494461,1511478.3618846873
1177179,1191201.9290321926
1370579,1373689.5196218556
757926,771426.2094725494
2023840,1980647.6768274605
1170651,1153084.8579994421
1432117,1436437.5810314429
1174649,1171908.9208201019
1965168,1948518.5657807095
645931,660528.119349043
1435521,1441746.3864749202
1500887,1510305.99527005
1620528,1632354.1742179599
1656720,1664149.835962135
1150099,1118898.6525071114
1020815,1032120.8499435222
1494840,1485041.4452652147
652975,655641.5312157347
1264992,1266785.5180540923
1091367,1056567.8022359747
1103064,1068104.0402567957
1066408,1049447.6124877706
1901595,1921577.1830201445
2169103,2173750.897271786
524989,555932.8376428299
1607833,1606918.8695053195
934758,932690.0141640693
1082779,1091558.1397232271
1050899,1044774.226582977
616741,591683.918363811
1638759,1648895.2320165972
1748987,1760644.1422200582
1408735,1381439.8144619782
1049802,1052236.9641117589
1744316,1755000.4132991624
1573490,1601507.000111501
1495025,1466450.366239566
776295,785882.5393985073
1080301,1097427.364683377
1137405,1123886.2859052701
1644675,1656578.2673742573
853069,883977.4964101803
1918606,1940120.049653296
1315955,1334597.7644191985
728228,740373.1502250474
1246474,1250543.8831027364
1730322,1731472.164682884
1458446,1449288.7612609488
1146693,1117874.1339554517
977480,976097.3920036226
1694822,1653316.282669757
1683472,1679218.7751026682
2010150,2003785.2262454065
1051478,1065669.8115266794
1480610,1477435.0408690523
2081700,2055114.0649283917
1672540,1652519.6744731248
1556681,1564729.0674362327
1273086,1291397.7580852215
1998331,2020040.6817980856
771169,779124.1285877705
1236180,1237775.8334409166
750246,753824.6887924866
1324265,1355967.469028525
555246,544297.4615896712
2043674,2023472.3451947467
1014775,1007090.150026024
1295895,1300068.2666589278
1036789,1029991.5706666065
1765037,1754709.225846256
955512,934112.0456152767
1510224,1540356.0793295258
673761,640154.3717165947
822932,813436.0159400393
1532497,1531103.2693527548
1808483,1814667.4398251264
916529,913950.8819266425
2193217,2143317.979533683
826683,844186.3523153671
1246084,1240632.7247221058
1579681,1580696.0844593898
1120572,1163685.0527764293
1349899,1322091.6234102505
1048872,1077197.6813092725
1896082,1872308.8978066475
1310918,1312945.4484096582
1096877,1082910.3149093187
1030657,1044841.721559292
1415014,1414662.2605015202
534186,561478.9114604762
1263932,1275697.385981809
1724487,1734365.7585596158
826247,808703.4209377227
1361544,1312577.1501018147
1746937,1728861.7283578648
1577196,1551830.7363923253
1519455,1504800.6190945022
767990,772702.6978137576
521435,525097.7190845545
637615,651174.6078823762
1627196,1621600.854796356
1791856,1757257.1602230049
687822,708804.4651675844
479951,490022.4068715457
1410650,1415935.4277472831
812467,812984.6299970268
1731117,1729180.0014142445
1701421,1697936.4809347438
833645,833466.7225781082
1791291,1795148.6525279486
965056,958568.6760168446
938155,978655.2233758271
749935,767572.5785989286
1316263,1336574.2134676166
1473762,1487113.5595997714
1613378,1643866.9538970657
1638562,1655543.8757798024
1692745,1682150.6582494716
850492,850561.8246022945
723479,745044.4851717727
955400,947577.0997483323
1523019,1518781.598089079
925473,920721.0641374666
884042,908337.2273496386
700361,688777.195750764
1563737,1555192.049121006
1362737,1344867.0333408844
1616553,1591572.7259639716
1567087,1582349.7577990787
1610610,1590245.7783690759
1931825,1926245.0699777866
1824680,1792249.0831693374
1069029,1039666.6118925122
846390,885555.0275747923
741776,734020.0162891101
1208648,1197627.5803533278
1791587,1775689.282441491
1345932,1321319.087685166
1416757,1394536.9549758958
1508830,1506304.8417072245
764702,773693.3548205983
1823621,1833342.4669152051
1045667,1031184.1104121909
1393808,1385356.7219393847
1540839,1563857.141859397
1229811,1209842.2567083598
1899248,1891007.8271494692
870125,853201.2292502415
1952699,1944024.1670520226
951090,964626.0650468068
1941922,1927279.3488120814
1318981,1303378.7763766246
1251275,1229897.5748918108
953259,942805.8490811387
906653,924996.9311148252
1192450,1188011.015900716
518684,524757.391454672
1685842,1684158.0887725048
1848157,1831339.2865316998
837266,843881.0399698708
857858,870728.8026639558
1460062,1479096.4713075336
1593203,1581817.648491167
1543926,1558730.0342423425
1196673,1193008.2279367016
1825982,1813743.3498762257
1624173,1626626.017197429
2021312,2057980.749287777
1321185,1312552.650534074
1757422,1761988.9924541907
1149218,1132085.5958499904
1518010,1526823.1327293136
783178,787428.2737431116
1083908,1093663.7621386542
1468990,1489560.6184212056
1507368,1513885.1230291205
1690433,1691510.3095425519
1528628,1514680.9374639522
951178,966135.8317690458
1234578,1255108.7912923745
1928578,1910652.3226120737
1507895,1531060.9393084403
1442899,1481889.1529985454
1817694,1802352.7701252876
1846724,1833876.7293714571
908174,891129.2536834448
1462901,1485060.8627271468
999330,974642.6771777349
1879078,1888943.6851274925
1186879,1180050.741225528
825716,834647.5572245085
516603,533363.9211142034
1641742,1642921.3019824398
840245,849980.1141031964
1379223,1383025.1178771183
2056073,2068982.7000702429
908844,933948.4207830265
1100371,1091160.3402285927
1368575,1360736.5133847801
1848794,1840500.1847209178
1263705,1260694.0068069922
1171225,1179703.72256882
968458,952431.4018388328
858123,886993.2206668312
2031237,2057016.4276384593
1301796,1277955.8464833044
1462790,1489933.762943558
1555789,1545390.57762102
1312467,1322005.3775454273
1523592,1526205.3517547504
965688,969052.8038193115
2050464,2022248.6252382973
1319931,1328491.313194634
1818998,1814560.9506743276
1055224,1064672.8307365668
1056844,1075854.5573336775
1481295,1491580.424911649
1661751,1671130.9784800638
632768,631210.9596394295
1353963,1351137.261821802
1640644,1626322.0202780382
883985,893438.1329386261
1396420,1430405.3576097256
1685897,1713359.1910010066
787224,763730.0680243098
1269630,1283876.6715781558
1472140,1484565.8927625825
737641,737908.7203037702
1441369,1469381.1061613807
1238059,1253834.2200209992
1634695,1630010.7404845273
1747213,1769100.6035218881
1881980,1893472.0472849272
1496623,1472132.2846572672
1167498,1163792.0204702634
1118539,1132612.5895823233
1696402,1704161.2746030733
1086773,1075909.6161078461
1110165,1131559.511785949
1285223,1307198.8559117133
2025283,2045964.0753676582
1757779,1757482.4001792802
1918413,1913998.3723796878
1307181,1287595.848068328
1644466,1660956.696281101
1578785,1542852.0688034634
878972,863532.3989037733
1224633,1241991.670702138
1236657,1194565.6878231997
1009352,1021729.0668808972
1442723,1443643.6395632904
1171112,1196237.662784233
1479131,1464002.3443514481
1293838,1279088.909623863
785159,762047.3820273714
1058942,1056331.6114464412
1831238,1827361.3879682291
2141042,2102454.3390763258
1358093,1379477.1613354061
1385371,1372256.4053566868
1919766,1919429.2566121996
1605989,1595034.5442153865
724125,724160.0929341817
1373866,1403779.1389061587
1029220,1061290.8655075403
1362428,1388396.9573432107
526815,547024.5174603913
1378438,1392517.589026913
1807581,1790429.3638516006
927050,969144.4838739433
1671193,1661374.595386097
1149478,1160151.3609898468
1283858,1291223.7927807865
1475881,1490262.4770785419
2034113,2029994.8385636741
1147021,1164777.3359456097
1715293,1677246.7040051129
610213,627107.0755397669
1918130,1870857.7342617426
2311633,2303893.693541087
1302822,1308832.2712483632
1293819,1281760.8693281526
1006844,1010225.2950575723
1317396,1306136.7562198993
1349089,1351545.349244068
1998843,1996416.3302932675
720454,737988.8321789423
1221786,1208637.9304768837
802872,817259.3440795089
535575,571341.6874330003
968572,946756.6411940345
1167639,1178824.6200914003
1129524,1150152.3009032551
1318093,1325017.5128128687
1910483,1937338.4054066758
2004199,1990423.1710980735
1539025,1535037.9742889248
1725574,1738249.8681631687
1143956,1163709.7404290482
705015,751527.25205747
901683,927565.844528019
1762081,1755119.9127888533
821462,836192.9359416098
1790080,1787151.65389205
1764915,1763534.2607389179
1446152,1436142.0051679781
1433202,1462789.699828618
1301257,1291265.86078208
1707956,1721745.6527270447
1464928,1485673.7073370388
687252,676455.2308822599
1148200,1125615.5383686093
1217404,1211014.5621134462
1886585,1883395.04896673
1053240,1063102.1669486852
1318321,1302125.0313234653
668631,687153.4830060905
1479738,1449211.0921561008
1087521,1101249.7356967283
1053237,1086407.8301353534
1602297,1598712.1713206184
1302053,1332132.9682611309
1369594,1368805.5374280936
1555088,1567201.7530760062
1272237,1246654.7636888088
2281578,2275906.9634716073
1306629,1288191.1475700059
1365895,1375418.1593811451
916132,901521.7676327879
1176374,1148610.9240515588
724254,714653.4032653637
1795513,1783932.835536791
1182511,1176076.0927874034
1821664,1866578.655934625
1266435,1247430.4659910393
926005,920949.1329105422
1126318,1135092.9371625853
1395442,1434848.6851320437
858931,868445.764122798
1375571,1384664.9516278855
1123258,1098867.304828378
1871120,1868375.2604577453
1258964,1301962.924973623
517558,531261.8690506611
1086895,1066114.1533730826
1199894,1191508.6147790938
1385532,1415963.150779494
1837084,1819137.0113950914
1624755,1594567.163875082
1079447,1082842.835465672
1378376,1425439.9564549376
1410325,1395550.6874547899
1548145,1550041.5179306758
1130409,1083570.2771848787
920870,895914.017188245
1219086,1219813.5506550896
1183680,1196876.5989235153
1330943,1310551.3043756317
1267430,1255632.8810217336
1081203,1081532.7340556595
709065,727883.4690434242
1614443,1633117.7081436368
1584993,1579865.2235117685
1750206,1743743.0003413968
1180957,1208414.6680884552
1380717,1392079.2635854664
1637603,1623654.06561869
2184739,2141336.3475412135
883556,887630.6987543759
1667790,1655365.6860667428
1415223,1416431.739835646
1151723,1109971.721872928
1374805,1386632.5239105164
1861048,1834981.3885705352
1390046,1387156.4490417608
812933,823391.819517679
1748325,1794575.3796472056
1053434,1069672.7350182682
1184377,1181847.2225780187
741312,731197.6161624652
1650756,1634153.563326545
1106279,1080587.306889847
1157955,1169224.1787401724
1653921,1657170.4992766292
856078,852112.7144241957
1141302,1160043.144904369
1108580,1087878.0852085387
1091763,1114311.3283469009
1365561,1353239.2692994983
1785409,1754514.1729962202
1243570,1234439.2001440686
1067623,1101277.1822871857
814755,803594.2523923373
1169517,1171494.3691834302
1465847,1491164.9565196137
1020727,1014850.2278552402
917818,890895.761350168
1019625,979796.3703582814
1225712,1215946.082766878
933779,902586.6701052275
1013735,1037999.9866867476
1357463,1360422.1095812577
1567069,1553436.8777410977
1390199,1417953.3392766656
1331541,1325401.9605526126
1416400,1411934.9218605713
1626679,1628474.6626479009
1583882,1564665.668175342
1791053,1774780.1840448908
1637346,1612349.8280107158
1533782,1540595.40697683
1697385,1680936.0880685095
1066722,1068839.9335112746
845249,866189.0656492652
722834,766649.6313281007
934067,1000126.8515856634
1656987,1675857.7538831031
712709,697194.1440478871
757860,733948.6325548412
1330625,1310210.1695962802
1809912,1810248.2106543737
1706414,1706150.3936325244
1701024,1684104.7936629758
1411846,1408155.219898572
1599403,1595296.6139621418
1892539,1888659.8174965547
1206907,1213987.7519560708
2192277,2177992.4955019793
1590922,1602093.492076018
1081584,1086934.2736678803
1273942,1273960.612572644
2078598,2037540.0797630262
1379379,1366112.71071967
1828832,1836276.6896345064
1796684,1801180.5376015627
1245754,1224311.582253562
1825083,1830334.7472301768
893615,892637.6806790279
1424144,1438734.8693712626
1173519,1186427.0221665455
2129440,2086311.3848606804
1316654,1358587.477928192
719430,734503.9211528708
1801366,1778845.257717204
1343488,1340346.0997272574
1404105,1389834.5991817114
1559328,1566279.2806213703
1848721,1850633.657338109
1548683,1566806.645892825
1920045,1947685.6160315676
1752671,1771770.2554484813
649292,662869.4959717367
1352080,1348768.0345203532
1303706,1284341.8833015438
844262,867938.8823952636
1861642,1885066.909844776
1745296,1757257.713693942
1559693,1540543.9634861748
1265904,1261162.0495692336
2055847,2068785.7800705913
2733149,2721249.796866795
1544283,1556699.8635381865
1313901,1292252.3007059535
1262314,1252570.5023039083
1045086,1066419.1488001416
1085825,1114255.313856925
1813747,1818980.698842086
1028092,1034488.4590658782
837776,829300.6734927901
1980037,1939788.911265111
1942112,1925836.7937482265
1268851,1277671.759438901
1671311,1657268.222239699
1195314,1180077.2434051991
1753511,1773479.819523846
1222093,1233544.1831779687
1233086,1204956.7935256022
1263109,1275058.6280680178
1392994,1391440.0526078313
866565,862374.0116606893
1127874,1117871.6881645794
688702,697424.436726348
1651752,1642482.4199812992
976468,988437.9607118986
782725,777359.6118188301
1443351,1471770.869201457
1003757,998825.9809278706
1193759,1214518.4439129455
1636255,1640119.371910699
1939929,1912395.5421190471
2298367,2229481.3616929213
994763,973989.4274433248
1591806,1585932.3898010564
1686626,1699419.4306510345
1142002,1127433.1358648464
1554002,1580753.7469223875
1580999,1595266.396050737
2090297,2076547.4625049995
1298942,1304354.444941906
1805861,1805385.0811404856
2076816,2043395.2044352423
1495847,1474918.2983424747
1076476,1086520.601309339
1200168,1195927.1747260902
1044440,1051851.3496768977
471537,496941.8506037042
908070,902641.0407936714
1789302,1777357.2342810766
1180405,1181066.8776720797
1566951,1566096.3099653663
1156566,1150731.6565338182
1426509,1432883.5570612797
950370,982754.8506797202
1815341,1811453.8066864496
1030938,1012614.3805658203
1856250,1853543.1022016534
1696624,1691692.6156416936
1182985,1183488.8336394723
947445,951768.5428381327
1788834,1791927.1030951017
1296293,1279289.7954768122
1175000,1191154.5762843152
1260802,1271331.4443424235
1137413,1130380.0859705473
1718862,1731100.896032602
1403734,1411824.403552061
1274833,1269756.3448157278
998194,1052885.7243626735
1329793,1317764.5202727723
926871,939928.0029115649
922534,929831.632820953
741517,730204.6986670683
1554424,1519915.6504931385
1269024,1233790.7794540466
1178013,1163725.426009596
990402,970828.9381398947
876195,871423.967716595
1557585,1573478.6767056873
1293081,1268655.5130332024
1669307,1635373.9393501098
784048,792464.2799555089
1672528,1692739.445546822
754083,736513.2295708791
594901,609713.3642263416
697486,767394.4722666509
1608569,1610423.1487562135
1424882,1404596.9456379663
1406636,1401489.0970780777
1239099,1264222.45141695
864738,848992.2812065738
2154193,2116314.43675876
1083571,1058258.5253035098
1874553,1864951.8787411535
1259556,1235423.8216652072
1442618,1435174.761323017
833778,832930.0238104772
1168317,1127008.6599542322
1968033,1960822.9970189594
1048798,1065152.308214518
777592,793652.7075560272
975357,967687.2169975429
1867033,1864161.8612478361
1660810,1658379.1382025839
1231786,1255742.6308412761
1059782,1047371.4797721091
1615580,1601360.425507167
1427340,1431751.4335760123
1567504,1569045.790349278
1838785,1822168.0100938044
905204,906514.7679202117
1845348,1831180.7325590304
909314,924723.0267322437
2205567,2177518.2933199587
727823,684055.05620542
869335,857283.80832023
969128,944355.1381547756
1207919,1186789.7122481584
1020503,1021460.1846368945
1342916,1347606.8898231564
1031263,991746.8956507677
1275066,1254437.702985779
885647,885133.1645158398
1471492,1483919.9869621033
773223,795323.3157767258
1219432,1231254.1118127415
854066,868513.0149739067
1765424,1755557.837707021
1144559,1168583.0555213816
1448343,1443240.9067518434
1298266,1264782.8786270302
1446192,1459714.9593156932
746824,778331.0545341223
1415019,1421336.3349713876
1261432,1271763.2420309251
1250998,1235342.702796576
1786972,1790093.8157131784
1502993,1498052.5283744938
1299818,1305644.244260043
1716155,1747673.9671503839
1099096,1105529.0511890939
1248634,1221895.4648174918
848568,846875.3398441619
869435,855267.360711975
1164561,1168277.5149657673
1155653,1169880.5495693982
1318160,1322084.706531793
1082165,1085119.8629753732
1012961,1005427.2845430549
1781049,1806512.2684718221
1076125,1082874.866099855
1865668,1835697.9143521397
1530547,1504335.152717513
1321493,1336677.8300252059
870644,866562.3305024061
1225282,1237390.1729410596
1552604,1541550.6869874194
1072901,1068025.4914023732
1284822,1311548.6961209283
1094494,1126804.0992164633
1836508,1818492.290573503
1222823,1223638.1939659496
1001223,1026666.7451000052
1511293,1523420.7816939068
1478173,1478291.7849880438
1145292,1154115.5543792616
1023357,1041690.1311737489
1095514,1119504.6004055026
516538,520792.437511273
1669542,1665852.2328857495
855221,844687.8085780758
1471229,1468394.0730059803
1653548,1633703.9697741014
1259365,1264729.9971730167
1134129,1147332.9960389712
1072395,1066091.908609246
1641321,1604563.4289513011
1735554,1746891.969885564
570026,599597.7832650791
920640,923534.6870957764
1621391,1591557.89626529
1246485,1253923.0873972403
1781118,1763820.247312066
1434879,1418115.7697565076
1557360,1538897.9644405947
1377696,1402817.5285658676
1011018,1024957.8253428383
1335609,1333596.1310848817
1517318,1479494.9161374376
1522768,1507487.0261992672
1303828,1294735.5122524763
2210789,2193577.781198867
1357306,1383168.7087434577
1227081,1219201.1084975596
1558420,1581850.5129382154
1759442,1760534.6101103341
1853845,1825825.784387977
1451957,1425105.4949910769
912296,922016.5893319689
1326382,1328351.3193000443
1160313,1159893.4356987337
1638383,1642760.406055187
991271,980261.6072338496
1587054,1581891.6262226135
1149341,1128753.5743567285
2138170,2090018.5166025981
1568818,1545675.0847089489
860548,889766.5673416969
730399,737195.8757148058
1453218,1421945.3109202548
763334,760748.3142705375
1176178,1191263.0813209247
1122720,1138825.6915617476
965190,937155.0735722955
1155687,1156729.408507248
1769679,1740377.1203124041
1271176,1238658.9494001782
1856646,1860501.6633234061
1383337,1385498.7454018225
1363445,1367929.180727587
1408665,1415792.69223729
1478239,1455750.6963657811
2056849,2028851.8784311065
2068948,2087343.538092353
2005706,1976392.9750777376
1249489,1250071.0440463459
1140244,1143064.8208872608
1119737,1128886.360346186
1252891,1209367.750233529
971723,976471.7932474096
1739412,1758786.4104156925
1431390,1399301.0395341886
1445675,1468402.9221510745
1304079,1296906.4398116344
1088936,1064836.9946213218
1910444,1892621.6489980787
1910505,1891405.4164539168
1375856,1389848.3959007533
771264,822082.038439856
1262633,1263975.2845154717
1230096,1231369.2351540285
1305729,1307783.3361302372
1560524,1613024.3589489218
1769080,1739658.2748811927
1664450,1687342.5705968237
1601575,1620222.084180576
1774763,1779892.8591162905
1609837,1640624.614566709
1204291,1203131.7525963334
951677,980791.4960335442
1677309,1671986.367900242
1211715,1219465.7974599733
1890300,1857963.5523262832
634380,629535.2028311616
1081253,1075525.5652861898
1484186,1493284.3178998001
1393791,1370004.3173856942
1157163,1161311.7374844265
1628280,1608440.416373989
1139112,1165912.6555095306
1049271,1064467.2718580016
1561542,1579141.7042048539
1829410,1842069.5251969837
1691591,1673831.2596535976
712861,685958.4522879103
1715162,1701942.9419767894
1466841,1472774.220698461
919613,918600.3448549882
1452068,1430601.4201689272
1914279,1869631.5835795708
1818111,1811879.9427518225
1123527,1113199.5655510281
1841613,1801677.2236270467
1144516,1150235.3849706
1694409,1655892.601731675
1409116,1362596.5235803695
1502782,1519328.015128968
1828029,1827039.5767871144
952283,902279.5971069323
894203,866283.7398705794
1733524,1750063.2910425826
1343489,1320977.0038826927
1419119,1395213.67044534
1837625,1829961.240424998
1337481,1359150.7737378834
1616253,1645020.1585447292
678677,683121.4706647344
1125492,1099818.6847853805
1066520,1107997.279273146
1792998,1827603.5452336743
447834,420692.73349388334
1772634,1729700.8371354106
1736360,1724599.5702603916
1682591,1684941.930299452
1102088,1113792.5740491857
992943,1034090.9806055942
1299760,1257237.4457278615
1731860,1717330.4917595198
1546183,1530698.9331180598
1609105,1625917.6319501463
612562,637681.4488736446
702147,668713.190018588
833766,844164.0944854011
1149108,1139190.644757517
2152859,2171556.263612855
1042452,1061218.843298026
1418890,1422319.865661957
868455,900259.557195572
1545601,1529606.4912382027
1530875,1525987.8405854907
1116425,1112631.6841257354
1428301,1381753.6723254363
1140407,1165150.3757259375
917531,942024.301416084
841014,869623.1988879356
1458115,1470267.4944891892
1681148,1667330.3454809703
1714332,1734499.149493916
1157883,1167215.5830095997
1245344,1251602.4402950266
518677,532578.5759335811
1310892,1353045.353509412
1575884,1585103.2394122956
1611691,1626411.9252085888
1256138,1257000.519741152
853796,845024.3460566874
1333337,1342614.165372159
1333195,1372159.9989517995
1577693,1595969.4992120515
1515983,1522319.1639608971
2052913,2071708.237221355
1838104,1828116.6622580164
876655,857855.8037230698
1996203,1992743.553925035
1272638,1271227.0222545005
1968332,1970786.8352181232
1142186,1137365.7212574272
1769002,1774348.739892282
821563,809149.9754353476
1136689,1132391.3252133483
1282179,1253573.463869109
2020920,2012803.0891806309
1260253,1249248.7994013908
2146383,2129374.014365478
1211581,1202946.887928924
1133972,1125627.8704995834
1501326,1513040.1118389517
1632255,1644193.029043896
1058624,1062265.599107514
1342130,1300876.9412080646
888925,915010.6601650816
1484081,1491684.214433561
1733142,1701144.572878838
1044289,1080395.9175753111
1389463,1357071.892384015
1156342,1184250.363158302
1397611,1380885.1845638275
827861,837536.2790884693
1254816,1246730.8832180991
1645780,1656749.941838685
1371792,1381711.0140146525
1417097,1400527.8750826353
1356170,1320568.2339823795
1363472,1349125.6289319552
1831781,1824492.2596880668
1603231,1609321.1428292564
1618829,1628423.733820426
1192566,1199435.5016719203
1049329,1053359.1694657858
1538145,1559372.609157799
979744,969776.758349615
1595807,1586271.8288634876
1605944,1603981.508335674
1883829,1871861.7024337023
1716729,1686426.5254707355
826259,842804.9485301916
1104808,1112205.2798442205
1270166,1246297.1087776884
1413348,1409662.1455203104
1509239,1544061.332968598
965809,979781.4547266226
1382199,1377107.0023810207
470466,472357.22059660964
1012338,1037856.419100129
1618040,1611776.5585695219
1429317,1429447.944280582
1098713,1118480.848379873
1354627,1348893.5113359124
985841,971831.9385322359
1222136,1219935.0054535859
1140187,1153549.579570161
1296098,1292859.529970859
1140270,1142911.5625341404
1499839,1507183.3918153953
1782626,1802999.9332785548
1793705,1807312.338655714
1460660,1458255.7959843525
1334709,1345876.1143568351
1109368,1088694.4577793418
1301632,1293121.978348439
1350591,1347748.0534969787
1458904,1438785.2291475716
794561,796451.9324531609
1148965,1122066.7868331303
824954,828900.5323121547
1163330,1161180.1454854852
1716084,1686042.7889255267
1958612,1977330.1526858502
1864948,1834481.4208868379
1656316,1675261.8739568086
1660510,1675547.65265338
1880525,1876828.6285542632
1160917,1165467.8556130435
1103842,1098580.953199886
1407643,1405913.5148016284
1934137,1952154.9905873078
1020522,1034344.1699857145
675977,664450.7670470028
1124082,1151913.3066987903
1582695,1541620.3284060876
1269208,1272355.6051695882
1386076,1417609.0337074215
1334449,1315984.4336426225
2265937,2308196.719537372
729044,708276.6125061674
1466728,1487750.5641398479
893047,885148.8868745365
2112153,2131570.4954404025
1196392,1164118.102306007
1295694,1291446.273713413
1728061,1745963.4123041758
1199281,1198253.2059704133
1327947,1366761.095230289
1381075,1345606.843601347
1686362,1674915.0324659303
1766558,1790549.1513270442
1396303,1372697.0923690042
1936302,1931199.7508922447
1660439,1717731.3858855388
890195,867745.0269304716
1610813,1627943.95807056
1088580,1085748.5192679453
1170022,1163312.0077439405
1967735,1938009.8907385748
1039169,1039327.6098857765
1540796,1535195.2971657212
1780071,1790842.9950628015
1142534,1129632.1842944396
864368,814831.8931489988
1390254,1407823.5648441098
1110125,1117926.7830078208
1280986,1274282.4366462622
1468872,1500194.9397256759
1518656,1527598.0923414014
1432252,1411762.1591638501
928329,944486.7952889304
1260440,1230790.1207122125
1875632,1879282.367803912
976081,975314.6704589037
1086526,1082829.7234288177
1433705,1440152.8604863258
1281667,1255731.6216971055
1161705,1170442.508228455
1671821,1688237.6399502174
1650373,1651278.8611448128
1250051,1287810.4856677186
1212024,1181962.3991830486
1703346,1701628.5610690175
980345,988251.879929211
1372485,1374488.7141432047
966831,946904.1447300118
1731135,1717793.9451766768
964268,971587.004850745
1612232,1615880.5432344356
1818470,1835568.7586518943
646947,655868.7766142361
1157433,1161086.5466816006
307713,318393.1367168402
1717699,1713890.6884195092
929456,938218.7116675376
1081564,1057536.8964754206
1343964,1323917.5115865928
1572738,1581239.7100472644
1784783,1757105.5262291702
717723,727209.5248162291
1773342,1767497.711283223
2291585,2274202.696608835
1114887,1116661.1142900924
1741370,1748842.3185106036
1689183,1670296.5685139268
1729649,1739101.2175358948
1074341,1059943.437967546
1926794,1891005.6458396658
2100215,2096055.679895049
1611230,1603438.0731500683
1754847,1763223.6765434516
1110504,1106134.2689337414
1448932,1432520.8778320565
1189799,1235459.095388121
1401251,1410842.9069323733
1307451,1318019.8393722859
881147,886732.1077423638
1235168,1238196.1646051628
1629386,1611754.1869880906
1626297,1615755.2948906107
1235881,1252617.1495166556
1557241,1581141.5613339045
1884851,1881100.6031746457
939176,917904.1046747417
1861289,1818089.5388606032
2090782,2107151.948559594
1834923,1871419.3760252106
1528662,1504987.5818442008
972803,951947.7148700912
1399793,1399065.8644582923
1809227,1823650.427700092
1790960,1786702.7071818435
1243363,1245552.2961971972
1727725,1724059.6034815013
1089205,1091034.6963260788
1283544,1290884.6010284002
1833281,1857822.7583390237
1374552,1369126.0532332202
598857,626570.3821240722
1157695,1133222.1806900613
944763,960445.4007500286
1512447,1518910.3901712846
1120330,1098363.4589552397
1042652,1011659.9984242826
2158102,2169409.6995803583
1149468,1189105.1199270466
1463492,1466407.497068934
508833,526646.4849748759
1782613,1765684.6745206816
907842,903314.5415793089
1720506,1717853.535457826
917319,900580.140373271
2016313,2027203.3870040854
2358389,2347947.2898486685
1624853,1619387.1017940263
1919003,1886010.8626796477
635647,628328.1746098059
994607,1023891.2715744571
1656071,1647354.109326942
777200,778078.8330943539
1507792,1506877.9354539071
1440728,1453672.1958406407
1674624,1671793.1773319566
729911,722840.2051373319
1613202,1591398.1039841827
997147,992129.0595170346
1875317,1893783.3380244656
1075265,1071065.1603415797
1252864,1228438.6980508065
1063024,1072031.5809406643
1891588,1905417.6015594911
1564905,1583644.0650926882
748322,763507.2667692121
1529474,1541033.4149881364
1619846,1626901.6611962572
660294,656768.408867691
990201,987817.9055481533
1394559,1401833.9423733607
833338,829394.2662898339
985341,968469.7506567935
1313368,1329163.8155574477
1824928,1823769.7199550434
1102112,1121570.0814614352
1293678,1284348.414285517
1945169,1936910.6265896282
972057,970830.0611656047
627948,651616.6136564504
1558291,1556291.280953095
1698409,1652589.1038440103
834107,850112.9318184204
1762209,1796831.864318186
560834,571930.9608645227
1330306,1334462.655657238
1395258,1364513.5952848578
775918,766050.2419925287
845557,911316.9611505208
1904538,1883223.3050739963
1173912,1182744.6504037778
1116448,1142069.525051935
900828,906290.4068522892
788140,786440.8833272018
1202349,1212782.395454237
1975773,1956572.1962297533
2010211,2023394.5810140104
1473160,1484175.9850958122
1396459,1381691.0054282937
1034224,1077107.1708772911
1621178,1613420.443210458
1172072,1180157.0477912298
1187896,1216391.2135160551
1125294,1135744.5514163757
431774,458581.58138834964
1228485,1214147.3718491474
986648,948061.4095846093
1419912,1428958.4898320094
795674,863129.6960781055
996776,1019576.2059820648
1049512,1032720.6553078903
1645042,1677456.3619188012
1089420,1060601.8009329725
2087113,2052293.8955860662
1082766,1098526.3491761256
1374559,1352004.6359840864
1934567,1942856.2845812747
1850588,1843991.3416271994
1691919,1694260.1650374806
1061274,1042803.3508614507
2033378,2040108.0410863152
1762811,1778599.1972016282
1486101,1499766.3400296741
1702034,1697994.3126100744
1412202,1416544.0615966406
1557989,1550712.730215324
1126513,1135080.0696526542
1557202,1580569.8217577261
1145993,1113917.8272745153
1367228,1362347.1503564154
1543287,1541825.445371244
760486,759409.6376623951
1151348,1166908.7878371137
1256038,1252684.9452237985
1346011,1359413.265360791
1368347,1357388.5738014416
1202405,1211861.843747805
1659682,1676218.4725607438
1058229,1092305.9607353439
1581957,1561130.4155718046
1791832,1800195.9138660834
759180,768420.4841772141
1452219,1455764.5719302045
1471246,1472391.1520558645
1404026,1414672.5053593637
1482239,1462839.7233964843
988421,992122.9073747166
1636780,1624457.0417310495
566677,583309.8540744692
1344096,1355050.8506877255
984530,950228.408680354
997375,1001369.0089696528
1096536,1098756.7320248252
1187486,1174547.4206818123
1076920,1076556.1903327452
1210276,1213759.9788069467
1922319,1914435.3418674278
949907,934502.0305227987
1292569,1259673.3341973182
1850913,1862973.8156399904
1087247,1075749.751057021
1112826,1128611.4944034177
722854,723424.0706632494
1926839,1888221.3165334999
1271088,1251260.6343148323
1758328,1747115.5100997065
1802905,1808889.8528785252
1025877,1014853.6166981703
1330525,1328663.2184565295
1258151,1270261.8319303412
2050732,2026927.1858293
1017282,1056779.9253131256
967772,1007450.2996161197
1474907,1500013.8640418705
1353181,1365582.2677127335
565970,564664.3216823962
1877488,1885382.7468077773
1362869,1397710.572099072
1789067,1793189.9851791833
1703332,1657911.785978953
1849916,1857011.2839164466
1503887,1505733.2279328287
1172208,1154556.1631045793
1517755,1509493.231469484
1430428,1407676.2336941175
2056027,2056565.0956267756
2080043,2072443.2578361898
1509008,1488475.9710437455
1303176,1304790.9079493803
1618113,1632282.0128325617
1706638,1711906.7685773494
1223558,1263570.5844547274
1987152,2006893.1207564315
1407598,1371377.6018614909
1259570,1280468.4464242067
1963933,1992038.2762432233
2128620,2094885.7638985377
1629002,1607067.046903361
871103,909579.2582823666
1876155,1891862.2891207347
758175,750347.7426754965
1512465,1544751.880129731
1253621,1270559.7820117944
1412666,1397456.8944006604
1446744,1473176.909909089
1725726,1709865.9347671208
1487009,1486165.5467525853
589151,586151.1986237261
1116950,1130099.450391711
1245167,1240564.904515747
721212,702005.255519175
1836747,1839309.7537303125
1086702,1094553.0841471234
2057851,2043695.5187490897
1911044,1905532.1916943626
1201154,1184703.7801400211
1196883,1179837.7330556898
1510648,1506441.8603883237
1861397,1852932.5519834252
1086036,1058012.0635467526
1976381,1915334.7487621238
1454003,1466140.1356491754
1771703,1801498.77444887
2106517,2077501.7523586825
1393636,1424473.6015164028
1138862,1111611.300599321
964796,949064.673906002
1392709,1358106.0427115536
1625449,1605453.6925520068
2280608,2255719.7173778797
937755,913347.6121682457
1696941,1681425.2337192192
631267,626657.192650441
801438,790830.3314202531
1167823,1179249.8819204085
1682277,1641413.8067807665
1363869,1422469.9848358084
1418922,1414213.0196572533
1295678,1313771.8613710555
1203770,1215765.7978545248
1657042,1652109.7800214782
1690103,1704953.202160302
759786,753574.3500774628
609015,603365.0001495738
1176768,1157404.5980455175
2044130,2036249.6039087842
1394337,1407879.5270347388
2057770,2064518.5477797769
1360983,1385232.5973623868
1263343,1229786.1822690193
1382085,1363866.7869584588
1733361,1754783.0161946416
1478432,1445969.5103745982
2045656,2027643.3407821706
1648510,1691359.8412231547
1634457,1646664.9102579465
1828596,1854505.453912568
1457283,1417264.1383876614
1348056,1356837.3852446813
1653137,1654378.4509383256
1128899,1145871.4628488328
2026088,2013455.7860535115
2105059,2094621.3675391779
1137067,1140418.3369408236
1375378,1387892.8958809618
843067,848845.944487826
1424405,1390028.0981295356
1800683,1826922.9978180912
1095910,1120975.351871481
1663662,1671699.338051832
1693575,1715021.8951491567
1845797,1831661.554467787
612190,611991.7589873354
640051,647994.4739583648
1329906,1328256.958601385
1273092,1316052.8028990391
751827,747910.179697875
1569574,1580829.4820003328
968842,964497.0688181828
1874120,1878658.067573567
1467488,1508478.8158962338
1874789,1872069.3394280875
1371073,1359877.997177449
1877261,1893255.2744666913
1904141,1888821.0725496165
1267996,1260539.3609091183
1206980,1238729.8897371646
1955830,1908487.7693396874
1315900,1300914.842804665
1419988,1408847.9989768926
1600487,1635747.1259071187
1453942,1471818.6247472123
1216756,1228858.825251126
531556,559048.9347274558
819774,831257.7248029491
1408677,1406064.5836136045
1459639,1458325.0396983952
824963,809273.8434457289
1513261,1523978.7227480153
1637501,1604861.8510590803
1203077,1216293.8681184556
935783,954045.324875961
1524760,1541334.741362657
1859268,1881973.1270285347
1374716,1395301.295122536
1489327,1466409.848669624
1549175,1561331.3497974256
806704,802698.1565003148
1672289,1697504.750769696
856929,851466.2453735922
1329582,1352513.0853851873
1408253,1408744.6058801587
1788893,1794335.0701885186
927264,931287.0038044308
1648197,1671854.2002488533
1641024,1669528.9207096961
1727651,1708032.526819398
1093200,1092157.8808438731
1378402,1362323.043741411
1463251,1427950.7289552921
1146687,1147701.9203989108
1117970,1122886.0770362068
1991379,1968794.8817661407
1457702,1482364.312557311
804462,795831.3690895392
715633,709065.5959477611
1133525,1129187.645582851
1734885,1738911.909767771
619605,597496.6038501494
1933068,1925047.5487737732
1243397,1244926.2814263555
1592050,1562372.350091564
1375220,1410864.7212560424
1955830,1962078.8399375686
1296679,1294098.6000502382
1492345,1501149.1606701007
1416524,1435046.0714495094
1749648,1746119.5583406899
1374173,1388634.3465380403
987272,990210.6523205515
1235971,1237919.8325554563
793000,752924.6721776316
1088644,1130019.155458681
1493514,1511696.5934720591
888302,880625.4664180025
493346,499501.82503510534
650146,683421.1403252437
1577591,1606578.248697797
974845,953419.9126675844
1104721,1059772.2741747042
2087471,2117530.886990204
1055242,1072114.940571046
1008395,1004859.1496361652
1130005,1118336.6456226173
1090268,1094320.46454372
1033485,1042280.5682545401
1526290,1524912.8050475018
1588301,1588452.4023573706
1158414,1185045.3804936642
1296389,1318152.1710148759
590253,613346.2073785074
1502222,1475259.023785855
545303,532172.2566149129
1387604,1401088.3303911039
1143873,1130574.067295434
1188310,1230642.5933892974
1022838,1011955.0569516934
1853608,1849477.8848498329
912774,897639.8674144711
1125950,1144823.2361499644
1204223,1235929.4356650044
1547644,1536904.2020223541
796988,783000.4654840579
1839514,1835464.0680285166
1761913,1737883.2557060749
822938,813308.5904419288
1725607,1722196.5618350573
1348508,1352333.2031943833
1400054,1407565.943352401
970545,943258.260127965
1202973,1183229.6673296208
738938,729320.0316473749
1752619,1747619.420626896
1725685,1731591.1511530045
1320023,1312653.3315761555
686485,682286.7522691347
1945897,1930141.2436676563
1088261,1088156.915781704
1165540,1161021.828845737
1174146,1191178.5020335661
1156657,1149675.894535438
980886,945647.5174059141
1195106,1223970.5005892294
1427498,1391938.676170877
1141139,1159036.7714104499
1728715,1744973.0930365548
1554986,1579004.1346861676
1035926,1037557.2835185565
1534201,1553209.8498375241
1557901,1539047.5000655176
1037488,1065681.1380362264
1509809,1529184.8509068415
965420,963512.0851400245
1926473,1944187.7129057967
868201,875818.8422369692
1383533,1380873.6222719343
1664067,1658002.353248485
1406455,1368044.0872291077
1222314,1213862.9599327047
1155034,1165942.5577648028
1872410,1885716.404013105
1360256,1382258.8230468496
1159972,1193188.8061144147
1707368,1704032.7026328004
1786387,1762250.5330816621
656472,631662.8027721827
1232999,1229432.8885482335
1234153,1231882.380093667
1500900,1507169.4374444487
934958,940301.557951305
1471522,1502234.8024213037
1081302,1087650.9526219566
1616841,1610363.8630399655
1072128,1051642.1156313021
1605711,1597133.52384119
1229638,1228193.7769190848
1805487,1821545.177539669
1590521,1624992.5902961262
938596,930996.4260807493
1485625,1483234.2159378645
1247619,1240911.588904345
1796449,1768235.1317819534
845160,847533.352836872
1626033,1596582.1264715288
1083700,1089919.7070850576
401247,409368.3962841856
1690955,1691113.5668793675
1376335,1391367.2859814544
1863500,1899278.9536958719
1774147,1798073.9131273706
1275783,1285983.6253249594
602751,621214.5950704608
1775076,1801840.0534110814
1311495,1301914.3008345081
973898,997765.4009984768
969165,991889.4871706715
977144,982575.6758496715
948740,943935.5228158297
1198508,1236516.0909794862
1849868,1839450.4568132441
1191226,1161111.8934007888
1150951,1153632.8348214505
888202,907427.7203878072
559591,561124.3404533576
1156381,1172295.1475645304
1561286,1571477.9243437874
1328584,1341148.0449160126
1344258,1334177.4312459542
1824544,1840175.8638222993
2106453,2078112.4841142853
1774861,1730557.084337809
1471498,1472140.9179827357
2048383,2018474.2547963592
831725,825012.3913997256
1068863,1086522.4948516935
1204132,1201303.9039762963
1420605,1374820.9466870313
997303,1011387.5581539071
1670281,1664089.5774459383
1677831,1702489.6551358374
1751199,1714615.115010149
1044771,1037360.3568644882
2028386,1958297.6943273395
994529,1001856.7356552738
1665870,1681174.2316800046
2010115,1986163.7771720183
1120355,1096381.6496808445
1388463,1373890.4121989678
1500819,1493519.235211804
1454079,1465311.0380479698
1454620,1454376.717434228
1932617,1923268.4623102506
1698920,1672858.717593672
1327580,1346398.531062384
889763,865807.03110062
670099,676408.8268125958
1398904,1392783.576002005
1809498,1833578.9817037487
943891,938120.4963856268
1197251,1197735.900705766
1795591,1808492.7586931847
1611283,1614818.9596697304
1697420,1674869.2940299215
832468,826978.1100380203
685949,689271.1226005367
917723,933503.7285272257
1496870,1505123.3393379005
866767,882895.1285221898
1469792,1476045.6177683678
1384603,1415065.002058572
1034339,1037000.3596292933
2009422,1973211.9840561326
1372793,1368825.8872242745
1452236,1460919.0259759943
1341179,1360708.5291414368
945975,976521.6016418802
1677607,1698074.5492910782
1013996,1015348.9537178235
1522793,1532275.5240142206
1672390,1652968.2194431582
1530967,1542724.130283921
1774936,1752387.4523484043
766852,726748.9235727538
1248068,1253945.7668125702
799462,785333.2730599825
1750506,1776593.4034970482
1688288,1671375.7312041963
1668739,1645626.294447707
564148,568780.9109199716
676531,653148.9435572425
1730711,1723357.0954637446
1330605,1348827.2656010387
957419,992493.6569658422
1833466,1823750.8815960807
1046264,1031645.44482127
1771709,1799843.946643489
1276341,1261498.5364993715
1488727,1520655.091519825
1059557,1069211.446408967
1369244,1357477.254736778
1692851,1698497.9122480915
1557367,1553717.706794977
1807558,1788495.4215909203
1953254,1980643.2431669214
1848701,1857532.628962637
1063845,1083578.5452307737
591273,593473.2411808334
2028705,2036107.7593324704
1012588,1016166.2426868728
1517156,1523856.7915448598
1344923,1344974.9354185883
1670733,1689972.819743897
1292495,1260283.782018527
1266081,1295724.3707977675
1541378,1574354.5622188584
853134,842436.4582360355
1500036,1505882.5363730686
1221382,1204733.3905467237
1963590,1951233.9095334169
1377631,1414094.770681234
1384101,1400808.3988366218
1620455,1619557.1099562724
1556878,1536257.1090144138
1905285,1909073.0353886802
866491,885150.6779778793
863156,853533.3338395522
1458921,1470250.777809889
1851401,1843803.3423581624
1171855,1178789.0781093396
1758645,1758405.2297197767
1172639,1156292.3405711628
1892090,1910406.2793575674
1173180,1182405.366783015
973348,990015.8355736965
1487678,1501862.548016007
1337219,1351800.05974334
1943912,1936825.4499058893
1586246,1615388.2112005006
1347018,1345002.2209351966
1291439,1274505.4141572667
1103677,1096412.404361426
1102413,1092425.4176354918
938124,933306.4966259345
1668404,1693741.1157324235
2066165,2038043.9249381192
817419,817713.3406604816
2191866,2141783.9208866907
1579770,1591725.5580157242
909736,929709.9178992151
1222885,1263936.9912460155
890534,885730.2959560293
844388,856357.1461692352
1305928,1300210.7975669468
1137790,1138856.5788218821
1598037,1587302.1118724993
1402851,1403160.03652645
1519211,1527721.6775747135
1973718,1978611.7569440766
912450,903581.0549347142
1038570,1041834.8643369887
1469399,1476773.3732313528
1146851,1181092.209565328
1328134,1353651.2041104683
1341421,1327718.7312846154
1425703,1415031.61374985
1267146,1287693.8227026279
1720815,1726733.479183316
774460,762520.8032643925
1578310,1560060.189176357
1539788,1550116.447947576
1783380,1809266.4363057087
1913190,1912055.2834786861
872191,878648.691261813
1035467,1039678.4073293747
1695703,1731458.3451082688
1742045,1734247.4274501817
786201,762439.9625266534
1029915,1055785.8312604618
1800795,1789278.302175279
1698409,1714535.4982826363
1265887,1268497.5789866312
887837,889464.0126584712
947532,953593.7663657344
1866491,1838917.3316734768
867526,878487.1083714385
1820042,1780719.82822708
1469374,1478503.7666880686
1522242,1512196.6107487828
1445712,1452833.447085044
1038763,1016275.9241590324
1802890,1795830.6766938572
1562586,1573656.781314956
1517488,1545858.3893880746
773773,773500.188480344
782628,777716.8185497603
1194200,1221207.8510808263
1447742,1433819.85906978
1018287,1027714.1578075609
1418499,1415083.3121872959
1146471,1155763.3463165949
1108550,1122346.3939770814
584237,583959.0016014223
1825946,1826329.903532416
1471411,1442860.1606082313
1088440,1102928.355926351
852070,849389.9876085822
846628,832115.6990192861
1366885,1386607.4802581656
1843926,1805141.0272472731
634744,618489.0912761347
960325,988498.4249437749
919320,914621.0871944713
1014682,1036867.4526025272
1806413,1788417.2039427452
2005476,1968074.9135523848
1392870,1439780.914061744
1253652,1248467.771063345
1349724,1362275.4833397665
1382182,1367850.5993186368
1198754,1216970.5728043718
1390725,1342449.3238668987
677236,664347.1663641154
1174325,1167190.353082153
1276369,1271891.0796511443
925108,962402.5624009635
1486773,1489954.9058199767
1020624,1015516.902637231
1558844,1552645.3794004363
1518100,1502306.76481758
2018417,2022642.3240942543
1296245,1306584.8349260364
1794894,1811721.4892179542
712794,693149.5115871177
2226962,2191646.166487037
1801273,1805476.7137292782
1235187,1211244.446785547
1644687,1636515.1388964949
1462040,1467097.0699172537
1572501,1572939.1279898197
757013,768438.5439594167
1291267,1287266.6497643986
886962,893605.8224952572
1577048,1569459.65921089
1258872,1294351.8249334323
1566643,1613272.456175213
1490583,1508028.2872657932
1098649,1138822.64623145
1599607,1573560.9784281198
1506495,1511332.3022904485
1023307,1030994.1649596763
1665729,1658573.4174858904
1508173,1524796.1133427008
2142130,2123851.0313644204
1329825,1332560.3008224335
1664341,1695562.2925422937
1325509,1317981.647172474
836521,864570.1160266333
1552431,1571533.307515564
1908832,1918865.297804647
1066568,1050037.8193535986
1034004,1029812.3473720726
1798162,1800875.5677717472
1302455,1284267.832092987
1231639,1233596.8826210126
1641519,1624812.681420974
1537296,1520657.3644303773
1038072,1064865.3128622645
989769,987710.9119927364
1069885,1089914.2038829436
892388,891534.9680309156
1422865,1439132.3495963986
1340737,1339380.2866324664
1312853,1274004.5559391973
1401367,1388529.0732354387
1088395,1102898.6238467738
1400390,1408583.0756049147
1141350,1146369.8614894222
1818033,1815610.3302628351
1039840,1031246.6350303139
1570505,1582268.4816639498
1813719,1805917.609867051
2177796,2151388.654681174
1693282,1677306.754393372
930703,914904.1243240483
927009,921936.0442757186
1634487,1633217.2680102743
920463,916928.932516686
662242,669038.023491806
1754477,1756490.0334310345
2202016,2165913.6042143465
1207722,1189966.539422026
553525,572533.4244805613
1782916,1801105.2830462412
874863,875164.0146331334
1545255,1524325.9615283182
1711198,1701986.6838228207
1571074,1537308.1649863888
1766630,1758331.5144144061
1308900,1331336.0842362142
2072484,2079211.269474144
821600,779107.5950996907
1783890,1821876.8529350173
801494,809610.9960257398
1234019,1221524.6176399833
1367944,1383940.6767551922
1755788,1753318.2162350207
1448370,1460232.5807040953
877207,871727.0842885029
1634121,1631407.798674761
1000075,1003774.8935524785
1989738,1983304.7259309688
1341768,1332751.1097739206
1396290,1398852.246955714
1107759,1108075.1096421254
2026987,2026175.6787661887
2160447,2151264.3977865037
796584,792634.2567237827
1222651,1239053.6509690827
812722,836457.8953904021
983769,987679.2078642371
1346483,1378649.1326894462
1429945,1455247.6197094661
1121658,1129739.8535011492
711167,709152.3365849569
1148429,1155748.7794741634
1664633,1656716.396699992
1776492,1809105.0766621302
931802,915987.5970367178
1273520,1267930.252046096
706026,718276.9388654938
1650619,1643044.0179340774
1208681,1199219.7677935224
1370320,1375930.353487054
1032094,1019396.1068431552
830176,822035.0088977879
1363980,1379707.247262674
1151210,1187087.9977943446
1615498,1596947.3192065826
2303218,2302726.533234519
2149828,2131782.531919552
1262542,1282491.6484950052
650905,643944.5913561343
1324759,1362579.8188996448
1054984,1076712.852917794
1610296,1603763.2665003985
1071045,1078667.2627445802
2053522,2039370.2460716642
693055,693228.9622340923
658073,676040.5220049792
950913,953115.675201458
1710649,1749930.604140574
1726457,1695439.8218068741
1629153,1634631.457116871
512228,537631.2815640835
946429,965431.1341589782
1254845,1267802.3193876876
758643,753914.826307036
1147980,1142894.1824760926
2090166,2098076.900893092
1537621,1519820.5617414482
1182195,1202055.527909586
1422432,1420482.012794343
795312,796391.2189780889
1179402,1194321.5786307864
931851,932048.6177611164
2038040,2026437.7762857124
2030352,2021663.466128827
1674360,1713698.201110044
1272415,1262013.023822046
1280904,1304130.6210583055
912629,910763.5630708387
1874100,1918516.097588658
1638979,1609682.3350286607
1422066,1431550.426693043
1665612,1656819.8632715472
1204933,1208486.3266014147
1395772,1383006.4626524062
1291782,1313611.2614060016
1132496,1133559.8340051167
1243251,1244128.2691420082
1923383,1914162.814233642
1655065,1655561.4913355082
1860233,1844640.1136092017
742089,744189.4837513654
1487210,1486496.4520789236
1029181,1037631.8009951096
1435987,1420187.6679740213
996086,987510.3215239925
656506,679560.8303039563
640112,632234.2699083391
1697111,1711630.3524126697
1751273,1758957.5186199395
1034171,1042194.6998733513
1679634,1629188.5811445871
2294004,2275115.4905762947
1614457,1644917.6693490425
1540500,1551213.8233162074
1031487,1003474.218563427
1540756,1557200.7448493042
849556,833748.9561789365
1107654,1094561.872970839
1578509,1606845.859939492
1522893,1557607.7565649147
1724512,1709936.9615010233
1331657,1351543.133177975
943485,942150.624858455
1265417,1253520.5139656097
1098766,1076815.7956880394
1508485,1528690.218533141
1804067,1832481.856366202
1522918,1535542.9716469217
1040113,1020547.8395394605
761434,752615.9588063264
1435414,1428372.8636450681
1388278,1360759.3646874155
1546676,1555950.441756904
1549248,1544015.8197715215
1897938,1867785.432431432
1454760,1471506.6830530881
1492906,1448722.810742267
1667706,1692095.7702821165
1502692,1482604.710116646
1564609,1547267.4671573613
722162,746943.051374752
1552235,1561134.0363635644
1618573,1646619.30061483
1873766,1841529.667721249
1053787,1008435.284066556
1758795,1728686.8416663988
1478542,1505870.5941923887
1340594,1363882.3473278324
882879,905685.7920353698
1439364,1450063.137348882
1012586,1012365.9661641609
1468029,1467666.9686778814
1774826,1775765.167159942
1396980,1402498.5802208027
1441142,1464427.9775969726
866004,889251.9125193888
1712305,1697271.542862148
1304527,1294340.5818673945
1351494,1342503.9157803091
1646647,1665060.6309509075
928231,945888.2330711215
1012496,1022090.6040270654
1419410,1406615.8255041786
1696857,1708072.0389074502
936775,943932.3659138094
1625245,1601110.7882199478
1744624,1726676.1156645666
1253222,1272138.6924692455
1280744,1272591.1144659142
1898886,1901626.0996079107
1492692,1491891.425926462
1916892,1891313.0234053219
1121313,1160629.5306984335
1048544,1063491.319983087
1437407,1424127.9461770812
1128238,1153388.3483940535
1565659,1567012.8983972853
1490268,1501371.3629738777
1241458,1277473.7414729565
1343447,1354810.8742410168
776428,758596.8822478021
611491,611512.6020518336
1648211,1669585.7284220867
1004151,1055259.2805126188
1204189,1210596.2659945532
1337345,1314932.4171497906
1789978,1773604.0118461614
1389648,1395514.788762724
1453002,1453616.424195648
983808,1040847.0311028728
1341530,1349159.6644709304
1350464,1328386.786469331
1785548,1787053.6909293528
1352018,1315663.533114084
2010093,2019794.3714227958
1611773,1578115.2258992146
900658,883286.1353431675
1191378,1212659.525806884
1699884,1698826.0758661889
1813095,1835835.489953709
1079732,1107596.618067844
1224263,1224182.4905486798
1653941,1634084.0355726848
1498824,1487501.3804702265
1086933,1069599.3433905544
1870479,1861113.548137719
750755,780571.929547242
1245614,1233633.3635064503
1948158,1916128.4425382933
1113829,1139518.1971114192
1333109,1341790.4340204967
1371025,1385578.5836082175
1762398,1786086.6204342942
850900,849692.4144320985
1229477,1222569.196927872
1873599,1887761.7828250525
1073651,1055100.864046449
742936,727646.6189632682
1552347,1533357.5123891912
1519230,1530094.8776577616
1468408,1459933.3997314402
1636408,1612153.0355765386
1266678,1260319.1883285684
1064076,1069344.8556553568
1442193,1454867.201415734
696648,713952.1843829917
676460,691005.199774149
1732260,1736688.793029466
1833803,1866531.2471399175
1026506,1011153.5935210605
2472947,2473367.569135945
1669165,1643301.5591966275
1037841,1035629.4385540008
1161383,1170983.8476757149
1850489,1823696.5600356453
1450954,1452700.914304933
1199063,1212342.196317636
1750728,1791924.6484066295
1522574,1547378.6381171327
1069216,1058368.5841065967
1250519,1233078.7751718669
1521117,1518496.044421839
1566732,1566418.170873765
1562189,1576118.1263536867
1422026,1421685.072338716
800022,809845.1066299097
1701889,1743810.8341669738
1589416,1589791.7333301282
1924892,1914171.5907252296
1059941,1052095.3133240528
938655,947822.0252283476
1298910,1302258.88594166
1477685,1520272.3229135696
1676986,1672155.0859149946
971575,988163.4539096126
864423,873711.24947037
1424029,1404229.919661375
1537470,1515341.312509688
1161386,1188093.2024483636
1143907,1141404.000172233
1444923,1426769.784402791
1859981,1857544.981563143
1602896,1589091.7060125594
1880109,1866445.739454495
1066221,1064114.2768826357
484566,523447.0740790133
960898,959776.9696457093
909209,912669.5004533879
1506655,1512143.5795492658
1479781,1487163.9910942235
1154296,1175661.6226084498
1243786,1229483.958958616
1735147,1733838.8254812998
805158,793574.1384143439
1221855,1250006.4593572875
1671082,1665569.3398971586
1074601,1066233.491216969
1334427,1330990.1889418114
1423427,1421506.1315038668
1901463,1894281.305237398
1153988,1180003.6306536584
1060571,1065775.844179542
1506169,1503790.4711890365
1974470,1955241.377688359
572696,546928.4981840014
879028,856916.3458542018
852363,856172.2253582408
1362567,1381556.621264979
982992,995672.7942465338
1445382,1432027.15434382
1729832,1728973.163751385
812774,838837.2703074368
1533930,1523737.8340978047
1121889,1108990.00401495
1855754,1824326.8697997294
1213520,1226631.0118445887
1244834,1247717.3017646442
1348457,1363490.3415875796
1291228,1315681.9536648225
1284832,1249276.4051613559
1404839,1397437.5539779689
601039,602008.6908314873
911216,923825.1137133128
547393,559510.9573614568
1111302,1110853.5267396893
1005473,994497.6691692818
1115294,1120339.275373571
1026833,1054061.023458678
1332940,1307209.2989873579
746174,758513.9905967276
1365217,1399769.6881120957
1587636,1560131.0764498303
1180103,1174330.7958704073
692379,729519.9899082186
1241645,1231932.4725973723
473114,460911.1649113222
1167363,1235857.6918260085
1294164,1289593.3568848309
1982104,1971911.6958948271
1333394,1315976.1481025543
1094291,1109370.892943234
738747,775393.3538411007
744443,746050.7344713501
1638807,1626295.959518599
1187531,1185566.8500115327
1730862,1689406.493543093
1617266,1635522.0164710977
1978342,1953160.0675606912
2052681,2029911.7956714388
1769254,1760059.5731101546
1729790,1720376.2019845902
966783,969109.33530046
1382036,1385386.2603143782
1180500,1191886.3726707867
1041718,1055111.4692571259
845890,872048.723915092
1863885,1844188.2552586552
953623,987791.0282864402
1603016,1565592.7084804052
997314,1050496.0835898705
1724515,1728871.0740292692
1122524,1133768.6601173314
1868001,1882692.9267070256
1235266,1241365.2920146869
734050,742534.5816422631
1252934,1283413.316507671
